,giga_id_school,latitude,longitude,bin_internet_availability,norm_Schools_within_3km,norm_pop_within_3km
0,b1d64003-2032-3df7-9025-b30a2240d41a,47.793282,101.973651,1,0.0,0.002155022189177258
1,223c0187-50a2-3632-a33d-34e4a9d6cbec,47.317677,101.114628,1,0.0,0.00019168660981900136
2,971ff73a-eb00-3bff-9891-a796edeed379,48.72439,100.767651,1,0.009708737864077669,0.000656381421501429
3,d2bd9977-ea0e-3f5d-8100-ba04dfcd1f17,48.724918,100.768035,1,0.009708737864077669,0.0006447640512093683
4,43e4bd41-f5ac-3a9f-b8f2-78c92bae1014,47.594792,101.205852,1,0.0,0.0008538767164664606
5,26e57261-8cbd-3cb1-a77c-06572200b268,48.158773,99.880471,1,0.009708737864077669,0.001887822672459862
6,6576d481-3508-37f5-94c8-bf8313970565,48.157959,99.881565,1,0.009708737864077669,0.001887822672459862
7,4917143a-b522-375a-92fd-17bc4929a530,47.382477,101.905061,1,0.0,0.001028137270847371
8,ad7d0df1-de53-3b33-a6aa-70d6ffaa6fca,48.608503,101.941417,1,0.0,0.0033458026441134784
9,1d87d790-c7d9-3979-9e78-f67f692ee25f,47.854779,99.427651,1,0.0,0.0004646948116824276
10,16d65535-519f-32cc-888f-5cdef1a6c26e,47.450917,103.147243,1,0.0,0.0011326936034759172
11,1ced59d2-df09-39b0-b043-c1244ceb4550,47.362457,102.468415,1,0.009708737864077669,0.002747508074072353
12,1d2f43bf-380c-3d7e-8bcb-11e2bbcc5a57,47.362585,102.468339,1,0.009708737864077669,0.002747508074072353
13,4d632a51-b6e4-38af-bc15-2a314ff73cd4,48.10348,99.132131,1,0.0,0.0004646948116824276
14,accfa140-cef1-335f-84e0-75f7774c8eff,47.443402,101.749621,1,0.0,0.0008654940867585213
15,70578acd-8663-3fe4-afe4-cfb395b75d56,48.880327,101.238191,1,0.0,0.001835544506145589
16,c828242f-721c-368d-8079-859ec83b6a59,47.537011,100.2297,1,0.009708737864077669,0.0011385022886219475
17,0fd718d7-e38a-3360-b4d2-7a42acf82468,47.537079,100.229733,1,0.009708737864077669,0.0011385022886219475
18,9992bde9-bd37-3de7-96bc-da491421fd20,47.47619,101.450156,1,0.05825242718446602,0.035752457073816774
19,56b8ce9c-f721-3dcf-84b0-567568845fd2,47.477163,101.44629,1,0.038834951456310676,0.03534004042844861
20,a58b91d6-2ac6-35e0-be39-ff558fa941ac,47.920157,106.917038,1,0.941747572815534,0.5094972002137597
21,a42a9cd0-6bd8-35d8-a82f-93f03ddff95f,47.918355,106.911376,1,0.970873786407767,0.5490717721136643
22,abf5083c-9eae-3d26-a9dd-23f98490613e,47.920157,106.917038,1,0.941747572815534,0.5094972002137597
23,4286f060-4ff3-300c-9989-6382d578fd39,47.478298,101.460261,1,0.05825242718446602,0.03916215525453658
24,6156a0cc-b48f-3c92-bf07-8f0d0d4d4c8b,47.478647,101.46032,1,0.05825242718446602,0.0393189897534794
25,12b13549-09bd-3ff8-8744-1383bfc12734,47.468559,101.472809,1,0.04854368932038835,0.03370199121726806
26,4687eda6-118a-3ccb-92b4-2576e0f38e3d,47.477386,101.474806,1,0.04854368932038835,0.03461395478519482
27,6b812d79-3ca6-32ae-bf35-15bbe9659d6a,47.475977,101.456891,1,0.05825242718446602,0.038319895908362184
28,145471a5-f95e-3c2e-a60c-f0995f1d2f0a,48.527248,101.370253,1,0.0,0.0019284834684820745
29,6dc0a96f-0f63-320c-8faf-4120c87de9f1,47.667275,102.549309,1,0.0,0.00218987430005344
30,bce7c25b-a1bf-3d37-a5ee-1d80683e06a9,48.097633,102.55346,1,0.0,0.001469597341945677
31,b4ed3e60-1e84-339b-b186-5351b501ac79,48.140868,101.05314,1,0.0,0.00019168660981900136
32,1405955a-2109-333a-a233-8cdcfab7a010,48.044233,100.505461,1,0.0,0.0006099119403331862
33,af7e56bb-351c-34a2-80e4-6283ee3e7137,47.352037,107.491193,1,0.0,0.010107112154092799
34,e8a696d5-73d8-3951-b5d4-253299f9af2f,48.302271,89.514993,1,0.009708737864077669,0.001097841492599735
35,c987ddb1-3028-3d9e-8199-1ad4aecf7cac,48.303038,89.513794,1,0.009708737864077669,0.0011385022886219475
36,8dcf157c-d6bf-325a-8040-6bc51f0c4ec2,49.058306,90.448611,1,0.0,0.0001045563326285462
37,cd20f3d9-310a-3b76-af3a-89ac5f9b1796,48.799373,91.140765,1,0.0,2.3234740584121377e-05
38,72dcbcff-ade9-309e-badf-b74201de014e,49.211299,90.898939,1,0.0,0.0007435116986918841
39,31626a29-ee66-30c2-8d07-3fb2996a97db,48.948718,91.159787,1,0.0,0.0018123097655614675
40,6fc99bd4-967a-3b32-94fc-822025967135,48.9523,90.01976,1,0.0,0.008161202630172634
41,2307ffa5-f575-30fc-8f71-3996b949e186,46.925502,91.087716,1,0.009708737864077669,0.0011443109737679779
42,bcfd078f-49f4-35fe-b1f3-5563a85ed2e0,46.927013,91.086036,1,0.009708737864077669,0.0011849717697901903
43,93253ad3-1db3-35e3-9341-8fc6b0efdbe5,46.792011,91.313079,1,0.0,5.22781663142731e-05
44,9b17b120-a5cd-3b02-a26d-51250e8001a2,48.579943,89.54936,1,0.0,0.00035432979390785104
45,906c639e-2195-3ed5-b503-83379f305093,48.1409,90.3852,1,0.0,4.6469481168242754e-05
46,f798934d-63bd-3b6e-a531-52acad4079c4,47.6497,90.6812,1,0.0,5.22781663142731e-05
47,3cb70a10-a2eb-32fb-9056-2e0468f84af8,47.865035,90.701334,1,0.0,0.0031250726085643252
48,41906ac7-3867-34ea-852d-df47219a8744,49.326935,90.453685,1,0.0,0.00011036501777457655
49,4c48ae2d-50a1-384b-9122-e45ec50a79c5,49.805444,90.004352,1,0.0,1.7426055438091033e-05
50,e0370f25-e333-31cc-8cd0-0a0bb10c3154,49.784651,90.16606,1,0.0,2.3234740584121377e-05
51,7b5cc2b6-4016-3241-bd32-39950a2eb8e1,49.616856,90.239128,1,0.0,0.0012779107321266758
52,6c655aa7-d28a-3d3b-b5ac-21fa56f151ca,49.50609,89.730651,1,0.0,0.0020504658565487117
53,bc44da29-dc68-3551-942e-a86c8a2d2d40,48.911701,89.650469,1,0.0,0.002596482260275564
54,f23f15f6-2e08-35dc-8f4f-554114533a1b,48.268754,88.882609,1,0.0,4.6469481168242754e-05
55,58a4cea2-3726-37f1-995f-d477e1ca7d08,48.415396,90.293505,1,0.0,0.0015915797300123144
56,3119582b-1547-33fb-aa5b-50bf31801636,49.25481,88.90808,1,0.0,0.00041241664536815446
57,0598719c-ba74-3ed5-b30c-c228be488c86,49.1665,89.30442,1,0.0,0.0003136689978856386
58,1ac3c5ba-086e-3d62-8917-a6f14ef46064,49.039409,89.437563,1,0.0,0.0021434048188851973
59,7986ae10-48a6-3832-a0cf-a27ecdde5dc5,49.054893,88.606979,1,0.0,0.00025558214642533515
60,af9318ba-71c7-3557-b53e-71c3465bcc6a,49.039382,89.13983,1,0.0,0.00033690373846976
61,67fd7d8b-0372-3767-81e3-7e78eb04e8f0,48.937403,89.139587,1,0.009708737864077669,0.0027881688700945656
62,8ec11860-d848-3732-93ca-5ec672fafe16,48.938246,89.138295,1,0.009708737864077669,0.0027997862403866263
63,cd6a3ba3-f5f6-3593-a9e2-93e081edaa97,48.99384,89.94782,1,0.038834951456310676,0.05075629080601315
64,76fab96e-dfaf-36ac-ada6-51411900be47,48.971838,89.962814,1,0.13592233009708737,0.10368502985664164
65,95c4de8f-418a-333b-9c64-14521d628bff,48.968041,89.972525,1,0.11650485436893204,0.09631380840632914
66,1e274875-5c7e-3ba6-8889-877cf40b159f,48.953963,89.961488,1,0.11650485436893204,0.09330490950068543
67,0485e80b-44bf-3869-ad31-4298b11147e5,48.970915,89.961667,1,0.1262135922330097,0.10970863635307512
68,58e64456-cc40-368b-8368-d1ac51c12374,48.965916,89.960652,1,0.11650485436893204,0.10186110272078812
69,d06816a3-7b9e-3caa-8c7a-22cf26afe5c8,48.968102,89.97276,1,0.11650485436893204,0.09631380840632914
70,8f052132-24b4-3ee5-abea-d30152f557b9,48.968352,89.964767,1,0.11650485436893204,0.10443435024047956
71,1056c56a-2c98-34ca-9ee9-650b93bc532b,48.968352,89.964767,1,0.11650485436893204,0.10443435024047956
72,ec540f4b-3e0e-3984-a09c-6dee60c910a9,48.966996,89.973794,1,0.11650485436893204,0.09631380840632914
73,4dd1abad-8402-3abb-bba6-1ce84572f21d,48.967778,89.96422,1,0.11650485436893204,0.10443435024047956
74,8ea72d69-2e0c-3a9e-b525-fe8489bbd12d,48.971229,89.9509,1,0.13592233009708737,0.0910046701828574
75,c4b559cb-838e-38b6-938e-de2f357ab87c,48.980729,89.96259,1,0.13592233009708737,0.0849345942052557
76,f53b1106-45df-3da3-bea5-2325256f1c64,48.970641,89.967981,1,0.11650485436893204,0.1028137270847371
77,aad17a8c-f427-3757-b1ae-3272f425c107,48.993768,89.947947,1,0.04854368932038835,0.05075629080601315
78,9f86304b-4855-33a0-a5f7-c251d819a8ed,46.184091,100.714684,1,0.08737864077669903,0.10608982550709821
79,7d3a2ad7-029c-3ece-9b9b-9eb2a9aa481a,46.193367,100.715983,1,0.08737864077669903,0.11252584864889983
80,2a3e1a23-1c56-39dc-a0da-da061e2472c4,45.554337,99.433539,1,0.0,0.0004066079602221241
81,bd8bc9a5-116a-3f14-a74e-b17b6d6029a1,46.286279,100.447492,1,0.0,0.00012779107321266757
82,ba2e4386-381b-3056-974f-4f3bbde0888b,44.800636,98.654768,1,0.0,6.970422175236413e-05
83,4c467231-5208-338f-a883-1c4c7dfeb2e8,46.809171,98.089722,1,0.0,0.0002207300355491531
84,e50fdb17-85dc-3fc7-ab33-d87303c82f7b,44.734376,100.393064,1,0.0,0.0010049025302632496
85,26307f49-70dc-3eb5-b471-03849a2a95ca,44.544836,100.829999,1,0.009708737864077669,0.0014405539162155256
86,caebb7a4-b884-3107-8b44-e1c42b208f3e,44.544874,100.829921,1,0.009708737864077669,0.0014405539162155256
87,20c67821-d0cd-3fa5-b057-b2b1da6d7f57,46.186864,100.69649,1,0.06796116504854369,0.08216966007574525
88,6993b311-0383-34ee-a5c9-155da7937fc2,46.19294,100.71523,1,0.08737864077669903,0.11252584864889983
89,bd288190-3094-3661-bb50-b4155537805e,46.201627,100.719502,1,0.07766990291262135,0.0969934245684147
90,0ff89232-b678-3b42-8737-347e980fc3c8,46.193241,100.725641,1,0.07766990291262135,0.09567485304026581
91,1f97b1d4-47d6-3a65-85e1-35d5702d76f2,46.17737,100.71185,1,0.08737864077669903,0.09633123446176724
92,bd05783b-c095-3fad-a534-d0e921177099,46.184926,100.71856,1,0.08737864077669903,0.10770463997769465
93,02f07b7d-3872-3150-977b-bf8d5fcdadab,46.1995,100.71951,1,0.08737864077669903,0.10425428100095263
94,0030dcb6-ccca-352f-8e76-a69a25659422,46.20047,100.71599,1,0.08737864077669903,0.10359209089430517
95,ac3e274d-87bf-34eb-b371-d2ac0ba3ea74,46.346454,101.236718,1,0.0,3.485211087618207e-05
96,e3e0828a-cfb0-3efe-8b53-066ff440cdf7,45.014837,98.926628,1,0.0,0.0004530774413903669
97,08f2c344-d810-3c60-9f61-b710673e280e,45.198844,100.77187,1,0.0,0.0003136689978856386
98,4d13486f-0ebc-359e-8b41-b791f699d7cf,46.3514,99.049707,1,0.0,5.22781663142731e-05
99,0d65e6e7-1e09-30b3-8947-90f9fe285902,46.173094,98.69316,1,0.0,0.0011326936034759172
100,b13f4ff5-1327-38a2-929b-30caa184a5fc,46.209351,99.599216,1,0.0,0.0004414600710983062
101,a10b1956-f40d-3b0a-8cdb-26894afd22d2,46.827287,100.061485,1,0.0,0.0001800692395269407
102,3454d776-798e-38e7-a9bb-a22141738bb5,46.698715,100.143545,1,0.0,0.0005866771997490648
103,e5cb56f0-1ee3-3b26-80a7-10a75eebca01,47.226145,98.573693,1,0.009708737864077669,0.000522781663142731
104,7fec47c2-7d3e-3f76-b4ab-22c780e88b2a,47.019996,99.47431,1,0.0,0.0012662933618346152
105,beb541e1-a32d-3737-8edd-79ebdf17a509,45.4104,100.574168,1,0.0,0.0
106,1033c275-e3ff-3b3e-9cc9-733a325a83d7,46.941484,99.166392,1,0.0,0.0008713027719045517
107,6c8a84ab-003a-316f-9120-1af21146b2a1,46.408521,98.284607,1,0.0,0.00017426055438091035
108,84d8adf6-4e45-3ec2-b316-06a82e61873a,44.548777,99.279067,1,0.0,0.00016845186923488
109,9a5ea7b4-ece0-34e6-bc19-4d89d2b4b5b0,46.417119,100.821892,1,0.0,0.0006679987917934897
110,20818fc5-ca53-3038-969f-b2c452a24601,46.067944,100.816497,1,0.0,0.0020156137456725297
111,6c600076-c322-36a9-a151-9749f84bab1a,49.039888,102.087317,1,0.0,0.0006215293106252469
112,10b5b2cb-4705-3eda-b317-197922a88f66,47.829651,104.443375,1,0.0,0.0018587792467297103
113,5d4926bb-21c9-348d-9c90-83c4b4ce1448,49.066518,103.674811,1,0.0,0.00013359975835869792
114,d27a28bc-e7c7-33e4-a812-49216b575672,48.817355,103.549413,1,0.02912621359223301,0.029078277841027907
115,f3f5f5b9-6058-317e-b221-8bda33943682,48.811728,103.540528,1,0.02912621359223301,0.03339993958967448
116,02d2e37b-b73d-33f7-9712-eac49106371e,48.81618,103.52678,1,0.02912621359223301,0.03532261437301053
117,c5d18c18-9c9e-3202-913c-95b43afe67af,48.809954,103.539729,1,0.02912621359223301,0.03373103464299821
118,12d6b51d-a890-388f-8267-f1fe87982320,48.252048,103.875281,1,0.0,0.0004705034968284579
119,b999694f-91f3-3f4d-bd54-f3f2d57423f5,47.226145,98.573693,1,0.009708737864077669,0.000522781663142731
120,42905865-0cca-3273-8eff-0b89880f6ccf,47.853314,104.041975,1,0.0,0.0026487604265898372
121,60b2fcf0-8d9b-3b55-b851-db75202e9324,48.280172,102.98745,1,0.0,0.0034968284579102674
122,6cecfa56-8991-375a-a641-1d4646b5b34a,49.146431,105.398604,1,0.009708737864077669,0.0008132159204442482
123,6182cff4-686d-3a22-b19f-76a047cc14ab,47.375737,103.948624,1,0.009708737864077669,0.005669276702525617
124,d79c681f-9ce5-3236-9fd7-6a8d7afcab14,48.659505,102.620888,1,0.0,0.0012953367875647669
125,d738190b-282e-3d9b-a39f-112b1b29d9b9,49.502071,104.286847,1,0.009708737864077669,0.0021434048188851973
126,ce8d522f-55e6-3e2a-9668-9e1724f317c0,49.946293,102.658958,1,0.0,0.001196589140082251
127,18b012f7-35fb-3575-ae88-26e821ffc2ae,49.31966,104.38287,1,0.0,0.0007086595878157021
128,b76b1664-a7f9-364b-adfe-94a1b34c402b,49.502043,104.286806,1,0.009708737864077669,0.0021434048188851973
129,8c569e47-8b49-3712-b3bf-9bb820dd7e01,48.29691,103.430451,1,0.0,0.0006099119403331862
130,dca991cd-7f02-3015-811e-83a5dde3f3de,49.391769,102.705948,1,0.009708737864077669,0.0033341852738214177
131,3611b24d-81d2-32e6-b6ee-b11e2c817fb6,49.39155,102.70571,1,0.009708737864077669,0.0033341852738214177
132,98850f2d-e8f0-3bc9-82c0-83f409d763f8,49.143214,102.814042,1,0.0,8.132159204442483e-05
133,ee563c1a-458d-3f2b-8734-ff879d541504,47.917647,106.885281,1,0.7766990291262136,0.8077092869258115
134,47cb3137-d50c-3276-b0aa-04a7f76af116,47.90941,106.872,1,0.49514563106796117,0.7317084504751504
135,6d6b1ba3-b988-3c10-9c18-ad5303a547b9,47.919603,106.927782,1,0.8640776699029126,0.5175248030855736
136,f071e340-bcc5-3921-a8f3-0a042d32b726,44.617642,94.918917,1,0.0,0.00012779107321266757
137,227e7f20-851a-3f24-8787-64c7c0494dd3,46.992365,95.19688,1,0.0,0.0007435116986918841
138,5c1f45c3-529e-3c30-a84d-2ba2f8ab6ecb,45.708175,97.176615,1,0.0,0.0008887288273426427
139,ed51ea01-b311-3f4d-abcc-9fb0fe6101ba,45.556191,94.363675,1,0.009708737864077669,0.00019168660981900136
140,ce374df6-cfc6-377f-b8f4-b66a52f0a469,45.557033,94.362779,1,0.009708737864077669,0.00018587792467297101
141,93d7aabe-ef90-359b-932c-06d440c24271,46.46516,94.104557,1,0.0,0.0008713027719045517
142,33fa3b8d-7ea0-3f82-a988-d716849505fb,46.353187,97.372198,1,0.009708737864077669,4.6469481168242754e-05
143,27c278b0-67d3-35eb-90a5-f9d1c342e898,46.35318,97.372236,1,0.009708737864077669,4.6469481168242754e-05
144,72998935-8d19-391d-924b-ca6fc007d62f,46.359369,96.254498,1,0.04854368932038835,0.026162317897720673
145,1cd015ca-b4f7-3955-b3d5-36e5ca3def46,46.365325,96.250629,1,0.04854368932038835,0.02885173912033272
146,31dea5df-60a0-3ccc-b3e6-8a1319b19198,46.359432,96.254465,1,0.04854368932038835,0.02683031668951416
147,71726a76-bb07-3ecf-959e-f73f8fc98483,46.356218,96.250129,1,0.04854368932038835,0.025087711145705058
148,4b47fb9e-16e1-32f3-a63b-8c2524a1c352,46.372781,96.258559,1,0.04854368932038835,0.028770417528288298
149,e2bd87a5-5442-3a4a-9b00-c92e35d8f342,46.36806,96.25575,1,0.04854368932038835,0.029438416320081786
150,8a771f99-d420-3d5d-80a1-4149ffbc06ca,46.977887,95.925718,1,0.0,0.0003659471641999117
151,4c8f460f-8527-3289-a058-5ff826c0e16d,46.713176,96.527246,1,0.0,0.00041241664536815446
152,50b79747-0c5f-3608-a874-102747b52f62,46.307013,93.902947,1,0.009708737864077669,0.0005982945700411255
153,7bf75540-0702-36cd-af20-c7ade4b3d6e2,46.30867,93.905365,1,0.009708737864077669,0.0005982945700411255
154,00eadc92-26c4-368f-bf90-2c0dee193438,45.825869,94.817854,1,0.0,0.0001568344989428193
155,fbcb6de8-6257-3146-93b9-a090dc86d1da,45.930698,96.162508,1,0.0,0.0004066079602221241
156,8d40144c-807b-3a63-a52c-089dc2c15150,46.103342,95.59775,1,0.0,2.9043425730151723e-05
157,c5ff4bb8-f945-35a5-808d-0bd932291a26,47.357036,94.522423,1,0.0,0.00015102581379678896
158,4c8d7f06-c8d4-3b22-9e81-a3a01518aaa2,45.347723,96.643156,1,0.0,0.00019168660981900136
159,173d7722-e269-3003-adaf-8a7475bff6ff,44.926321,96.754725,1,0.0,0.0003601384790538814
160,48c2514b-fbb8-3535-aaaf-f76834e4a3ac,45.563508,95.864747,1,0.0,0.0004937382374125793
161,36a3be16-45d2-3b0d-a51d-4e5f9a83dd98,47.66478,92.81412,1,0.009708737864077669,0.0006505727363553986
162,74a221ec-b36f-376b-88cd-0a1f91f714a2,46.268682,95.270243,1,0.0,0.0005750598294570041
163,4db12222-2097-31bf-97e9-22465afd032e,45.160877,97.705203,1,0.0,7.551290689839448e-05
164,8a83cdda-d337-37e1-9ebb-d9a2d3865d10,46.566966,108.307967,1,0.0,0.0014812147122377378
165,15aea501-3bb1-3ecb-9119-dd922ec3b523,46.359936,108.365328,1,0.019417475728155338,0.020824136248518785
166,0f80f634-2b88-3b0a-bf3c-54f124e4d787,46.360093,108.36181,1,0.009708737864077669,0.020121285345849112
167,f35c934e-b07d-35fc-b4f3-f7eefe2fe876,46.35441,108.38798,1,0.009708737864077669,0.016055205743627874
168,db734c35-607c-399c-99b2-4c8457d5c30a,46.105147,108.619905,1,0.0,0.002985664165059597
169,66225ce6-543c-3969-9c1f-b63ced05f1d2,49.473457,105.956639,1,0.14563106796116504,0.16429285067032226
170,8e416224-d0e3-3adc-8292-ec51079065fc,49.468036,105.960145,1,0.11650485436893204,0.14817374939008807
171,3097fe72-75e0-37a6-82d9-5c25fb82df34,49.473474,105.95666,1,0.14563106796116504,0.16429285067032226
172,9fbd59b6-b973-3280-ac10-656e85cdd805,49.459411,105.961035,1,0.0970873786407767,0.1342677571504914
173,e0fe1681-3263-33eb-a243-1b6a0052f86f,49.495777,105.940547,1,0.06796116504854369,0.1446769209321778
174,0da76e29-e4d8-3617-9c10-6a0877dacaa6,49.466911,105.964798,1,0.10679611650485436,0.13104393689444457
175,b5bcd4f8-bb70-3bda-8f27-89a50d7f15c2,49.46851,105.97333,1,0.0970873786407767,0.10924394154139269
176,6c981a1f-8215-3b25-9a05-a59fe78d580e,49.46082,105.96301,1,0.0970873786407767,0.13633564906247822
177,731fc9e4-b464-35d4-99d1-cd7bb9c38418,49.46127,105.95248,1,0.11650485436893204,0.15658472548154
178,c498d723-3861-34e7-aaa0-26c97c4a3b7b,49.458512,105.972896,1,0.0970873786407767,0.10713538883338368
179,816a7418-12d9-36d0-9c84-ff1e4f972d17,49.45848,105.97689,1,0.0970873786407767,0.10068774832128999
180,9fd51c12-9cbb-3d7c-92cf-44e4dee40102,49.489216,105.93396,1,0.07766990291262135,0.1654255442737982
181,1d85d46a-c598-388c-b066-fa3a40f38977,49.49104,105.90946,1,0.019417475728155338,0.09786472734031924
182,d73d8d06-2fa0-35f2-a1c8-6d5c523d8be4,49.48608,105.9325,1,0.07766990291262135,0.17907014568182347
183,8b1c4269-d36f-325c-bc8f-0185360cea7c,49.49112,105.93936,1,0.08737864077669903,0.16382815585863983
184,ba705c31-a5dd-343e-9d16-4c381a043357,49.4884,105.93737,1,0.08737864077669903,0.1756314040753735
185,f5a1d2eb-5953-367e-9597-096246094268,49.4854,105.93939,1,0.08737864077669903,0.1793083017728107
186,e3f1770f-998b-3fb2-b733-083800f652a7,49.4649,105.97458,1,0.0970873786407767,0.10924394154139269
187,827e9dd0-7a2a-3e54-9494-37367b377858,49.48612,105.95106,1,0.11650485436893204,0.17082181277446037
188,c1970da4-c21f-3980-88bc-d609439229da,49.48423,105.94175,1,0.10679611650485436,0.18558749041566952
189,6fcafcd8-a26a-3e47-932e-0d334c096c30,49.827937,106.130215,1,0.0,0.0014347452310694952
190,0bbad3bb-b38c-3c95-99ac-5843ed0d89bb,49.314,105.93329,1,0.009708737864077669,0.0011036501777457654
191,5522069b-c5ea-3a03-af96-d6bfeb4a49c7,49.312226,105.9317,1,0.009708737864077669,0.0011501196589140082
192,7d168fb6-0b42-3c1b-9e83-9628f0baa2e1,49.246534,106.420894,1,0.009708737864077669,0.014440391273031436
193,58525476-382e-3ed5-b8c9-dd52bc908a85,49.249105,106.428317,1,0.009708737864077669,0.014812147122377379
194,cf5de50b-0e52-3172-9993-5583969e3af4,45.79939,109.3174,1,0.0,0.002410604335602593
195,1347ad45-7954-3c12-850a-46e2903a4c82,45.540892,110.46862,1,0.0,0.00026719951671739584
196,3eef316d-ac59-3ea0-bac9-47245e584e0e,45.91907,109.065591,1,0.0,0.0007202769581077628
197,1d946cd7-e8c5-3b32-96e8-9717d03781aa,45.802209,111.209349,1,0.0,0.000656381421501429
198,d0bba3ee-9353-32d2-beb4-3bd15203a59c,46.376695,110.098809,1,0.009708737864077669,0.0006679987917934897
199,e8fec9a3-196a-3577-a71c-2bb6df1ecf59,43.7282,111.88852,1,0.0,0.02885173912033272
200,9cdf7cfb-0f65-39ab-af3a-cc2e58850179,46.375886,110.098945,1,0.009708737864077669,0.0006679987917934897
201,2e6924fb-45af-312f-855d-8d2ab3193ca3,44.405747,108.250179,1,0.0,0.0001974952949650317
202,24d61a95-609c-3e50-8e43-efc0e2270108,44.89257,110.13283,1,0.02912621359223301,0.0367341248634959
203,32a19c83-7a69-3883-b20c-cfc03d45b3c6,44.887764,110.143349,1,0.019417475728155338,0.026998768558749043
204,96e23d78-a03d-3d2d-9eb5-2540ad0152dc,44.91429,110.13514,1,0.019417475728155338,0.04386138153767513
205,df06524e-6ef0-3b18-8469-79356939ef10,44.487644,110.043247,1,0.0,0.00925904412277237
206,72811f74-8cce-3199-b87d-3fecc295b0f1,44.890217,110.135514,1,0.02912621359223301,0.03350449592230303
207,06a200a1-e286-3187-bfb5-90a7f3e6af48,44.695588,109.021104,1,0.0,3.485211087618207e-05
208,f6bebf06-67cd-3937-a89f-1ec02f3bad04,43.869487,110.423249,1,0.0,1.1617370292060688e-05
209,2c9a6f8a-becc-3b01-8a1f-d8a288fd3911,43.152817,109.139715,1,0.0,0.0003252863681776993
210,1cefcc68-5b48-3e54-aa1a-cb12e4b3cc90,43.607166,109.641487,1,0.0,0.00033109505332372966
211,cf080269-259b-3ed2-a1c9-327cf5c4c8f1,44.444834,111.092168,1,0.0,0.0008654940867585213
212,7103f687-0843-35a6-a304-d3326f2f47b9,44.725361,110.772035,1,0.0,0.0008422593461744
213,5bc2b98c-27cf-387b-bd27-03649c4aa70d,49.122747,112.673614,1,0.0,0.0012430586212504938
214,b634a842-0243-3325-ab7e-f0c034977ee8,49.244729,113.375875,1,0.0,4.0660796022212414e-05
215,593d3bdb-9565-36de-835c-fe7aed280fe0,48.052624,114.371258,1,0.0,0.0019517182090661959
216,3f5531c6-6920-317a-bc1d-60525db3f032,48.001881,113.934988,1,0.0,0.00023815609098724413
217,48cd1467-c0a6-31e7-8332-3b2710006c70,49.147153,114.875749,1,0.0,0.00013359975835869792
218,06655cc8-f2fe-3327-ad6c-2f0889eb3e99,49.548158,114.406578,1,0.0,0.0008132159204442482
219,aef921f8-316b-3037-9f9e-89f1488fb5ed,46.951795,115.292117,1,0.0,0.0004995469225586096
220,937a6e0b-87ba-308b-b3aa-589d40d50148,48.511086,114.029414,1,0.0,0.0003252863681776993
221,a4b323b5-d297-3f09-b20f-5a9d27942cf2,47.63303,118.618554,1,0.0,0.00015102581379678896
222,12144fc4-3143-322d-b098-baf9b99f4701,47.99508,118.11472,1,0.0,8.132159204442483e-05
223,b0817231-576e-3085-8f95-5155d8e046d0,48.08242,114.56472,1,0.02912621359223301,0.04213039336415809
224,a2892778-26a5-3488-bc9a-be6ee303a832,48.07811,114.52937,1,0.07766990291262135,0.052981017216942775
225,292c1b05-c02c-3fdf-a8cd-8a2d5ccbb213,48.07901,114.53867,1,0.07766990291262135,0.052098097074746164
226,103472f2-4fd0-3d44-8132-3f990009c083,48.06683,114.50881,1,0.05825242718446602,0.04166569855247566
227,9c5cd15d-ada5-3cb9-9ca6-d2f9cac69f63,48.0749,114.52437,1,0.07766990291262135,0.0487755291712168
228,0a7d3686-398f-3f61-b739-5279296eeda5,48.441869,114.874104,1,0.009708737864077669,0.0010746067520156137
229,4c9d7da6-d2af-3c27-b12c-8bf1d5ba772e,48.07543,114.52999,1,0.07766990291262135,0.05166825437393992
230,c18add32-ed6c-3548-a7c9-622c7ada7016,48.07015,114.51807,1,0.06796116504854369,0.04788099165872813
231,546afc77-e09b-3398-b49b-4df541c497bc,48.077668,114.529394,1,0.07766990291262135,0.05220846209252074
232,ef68dbad-9336-3a20-9cd5-158a534e9849,48.106194,114.569607,1,0.009708737864077669,0.026580543228234856
233,f0333d42-04db-326e-83a1-d8366e6c110a,48.073232,114.529765,1,0.07766990291262135,0.04974557959060387
234,446efe3b-0911-3d17-aa75-efc09a828373,48.080296,114.544857,1,0.06796116504854369,0.052667348219057136
235,8f8a5d68-20fc-38e3-9967-98ba881c38ba,47.924214,112.957067,1,0.0,0.0011094588628917958
236,147fb3ea-8df1-3bee-ab59-2731e6645ae5,48.564472,113.240237,1,0.0,0.0009061548827807338
237,60fc48c0-cf08-3f46-8d55-9f1cbdfcaf65,48.438627,114.869486,1,0.009708737864077669,0.0010862241223076744
238,dd632359-f238-31ef-a085-28fb94a06074,49.873386,115.695515,1,0.0,0.00101071121540928
239,baa19489-3ff4-3735-b71b-5f7db8ae277b,46.393434,105.731671,1,0.0,0.00037175584934594203
240,8d0786fd-3be7-37dd-86f6-f0c013976f5a,45.757744,107.994666,1,0.0,0.00021492135040312275
241,08b796b7-3dd4-325f-8320-64c2b62e84b7,46.049104,107.490754,1,0.0,0.00035432979390785104
242,c12d4653-a7a9-3d03-b6f3-8808272fc05a,45.529319,107.038894,1,0.0,4.6469481168242754e-05
243,b7e848ce-ad49-31ea-98ed-9be6fab998eb,45.243339,104.804403,1,0.0,0.0002613908315713655
244,538a3635-db83-3a20-b33e-be6298d8df32,46.125581,106.372427,1,0.0,0.00042403401566021515
245,87c08dcb-ce0b-3b99-b60b-a0d2cb2a2509,46.210662,106.70731,1,0.0,0.0003659471641999117
246,c27d72f6-06c2-348d-b73e-17aeaecb0c51,45.506092,105.761602,1,0.0,0.0005169729779967006
247,a30acb86-3aab-3033-b962-53a2ab8f5382,45.774804,106.273136,1,0.038834951456310676,0.009729547619600827
248,f3c1dcc6-07c3-3a8b-b121-81d44ed9f499,45.76541,106.27424,1,0.038834951456310676,0.010751876205302168
249,f88660f7-1b4d-32a0-88aa-359402f36152,45.764291,106.2665,1,0.038834951456310676,0.009410069936569157
250,b7a6be80-4014-3a41-be69-8d148382e7a7,45.774805,106.273137,1,0.038834951456310676,0.009729547619600827
251,444ba4fc-046b-33da-b794-2a3b08dcfd1f,45.754141,106.268086,1,0.038834951456310676,0.009241618067334279
252,d05169bd-0ec5-3e9f-afc8-abbc1b13f322,45.458308,103.900518,1,0.0,0.0003485211087618207
253,67338afa-cc27-3e0f-901f-d88c6b810852,45.222684,105.562145,1,0.0,0.0006273379957712772
254,c8346aa4-1def-343a-94c8-dd3ebf6a3d4e,46.406335,107.639919,1,0.0,3.485211087618207e-05
255,3338bfd5-90d6-3b3d-9e40-ec2eeb143854,46.007584,104.947386,1,0.0,0.001214015195520342
256,243d2cac-f573-31b6-a9d2-b6f707108d51,44.944074,106.322121,1,0.0,0.00017426055438091035
257,6beea702-d9c5-3fce-a5fd-46f0d672a537,45.229402,108.278564,1,0.0,0.000540207718580822
258,ea174a12-2b4c-3afc-a272-06263d9d2255,47.63829622,96.53260273,1,0.0,0.0004937382374125793
259,2076d4ed-6dc5-321f-865e-08f5b38a6670,49.40806678,96.60909157,1,0.0,0.00041241664536815446
260,b0999e4f-49ec-3f45-b2fa-0f514c7e5a14,49.70072452,96.36151307,1,0.0,0.0007144682729617324
261,e7fc3b36-d7a0-3be0-aa74-f3c921aa5584,49.3055028,96.3424413,1,0.0,0.0002091126652570924
262,d3e7bff6-8646-3c23-bcf1-9c042ac34964,47.65592647,94.98953228,1,0.0,2.3234740584121377e-05
263,8d1e8b6c-997a-3ba4-bd2b-4142a5df4f4d,48.32432785,95.10829922,1,0.0,0.0005111642928506703
264,8971e824-dd80-30c8-9aed-895da3aaebaf,48.22076912,97.37429371,1,0.0,7.551290689839448e-05
265,bb19b006-4f27-3df5-8c3d-7aac4b1f916f,48.84385039,98.83626094,1,0.0,1.7426055438091033e-05
266,74c6e87c-9cc6-3d52-bd13-7127f51d4c11,48.87397017,96.96034062,1,0.0,0.0009119635679267641
267,852eba9e-2837-3761-9ba2-8316f37b98f6,47.20872186,97.61133648,1,0.0,0.0007957898650061572
268,fa2cfd17-2a02-360f-abf9-aecee9c7b6df,48.58992246,95.43651749,1,0.0,0.0004530774413903669
269,e4ce6003-9931-36aa-b248-5384efb67707,49.02446975,95.929773,1,0.0,0.00067380747693952
270,39584156-c416-3922-8ea0-b5d5bd32ea49,48.75693738,98.27210504,1,0.0,0.011849717697901902
271,940d00a1-4dc2-351b-9ada-4045613c0749,48.90888037,98.27595824,1,0.0,2.3234740584121377e-05
272,58d70102-6863-363f-8181-c6bf1f62cc67,48.64273961,97.60938885,1,0.0,0.0010049025302632496
273,205ea6b0-e849-3bc5-b0bf-7f7b3442c88d,49.6561731,95.79080998,1,0.0,0.0034619763470340854
274,10194946-b859-342f-967b-ec8de580424e,49.08188049,96.55110484,1,0.0,9.874764748251585e-05
275,0bbadc06-a4b3-3af0-9ba0-ba546bea9cd5,47.74586,96.83832,1,0.038834951456310676,0.04210715862357397
276,b521ab03-2aa3-3089-a6b3-d3d464f561cf,47.75258,96.85623,1,0.038834951456310676,0.037344036803829084
277,cc3183a9-0185-3710-8215-b9bc031aef3f,47.73772,96.85739,1,0.038834951456310676,0.053823276563117174
278,691c1fdf-4c87-3360-814e-f13920cc99a7,47.7356,96.85511,1,0.038834951456310676,0.05559492553265643
279,e15525ba-dc96-3061-aeb8-50bc8b190aeb,47.72097,96.88044,1,0.0,0.02644113478473013
280,651f5549-391f-3889-a8bc-2b5178fe4c23,48.51135844,96.79298397,1,0.0,5.808685146030344e-06
281,1afe5379-75f5-308b-aa07-5b98ea3961d9,47.49621176,96.67203695,1,0.0,9.293896233648551e-05
282,762af929-97cd-30e3-89ee-b8f7b14e792e,47.11300992,95.99995132,1,0.0,1.7426055438091033e-05
283,a33c81e8-d0f7-3566-9b9f-acd33c244d2f,48.75067089,97.19684792,1,0.0,1.7426055438091033e-05
284,1bef03aa-ae34-33d8-92ec-387cfc587ed6,46.80072273,95.7114314,1,0.0,2.9043425730151723e-05
285,8cadfce9-e934-3c61-9607-5f0cf240adb1,48.12490775,96.76515335,1,0.009708737864077669,0.0005285903482887613
286,2501d8e2-0783-36e7-b74c-68df3a716dc6,48.11639922,96.76542,1,0.009708737864077669,0.0005460164037268524
287,503dbc4d-5aee-37f7-9c4e-94b1039b6627,47.78402,108.36746,1,0.02912621359223301,0.05378842445224099
288,d27e251b-dc72-36b9-a83c-9060bd1dc93a,47.78139,108.37193,1,0.02912621359223301,0.05697739259741165
289,97769d5a-1101-3c5f-88a5-706a54b98c77,47.784864,108.37073,1,0.02912621359223301,0.05654174121145938
290,ae1ef131-0af2-30b9-a6ba-704bbcb667c8,47.7816,108.3752,1,0.02912621359223301,0.05697739259741165
291,84fa56a3-f5df-3a67-b3d2-96447a5ee9f1,47.904077,106.884125,1,0.6699029126213593,0.5990845512209856
292,f0596285-4b6d-3c2a-808d-1e0743b8a54e,47.91697,106.87877,1,0.6116504854368932,0.8570714932967773
293,995eb3e4-afde-374b-97b3-a8733e2a655c,47.92601,106.86627,1,0.3883495145631068,0.9093728943516346
294,700eaedb-0cd4-37e5-9c88-cf223caf6141,47.92745,106.88502,1,0.5922330097087378,0.8406851924998258
295,dd6a3e1d-e253-33ab-b09c-788c6d40cda1,47.93039,106.88833,1,0.6116504854368932,0.7911719603150631
296,4bbd3230-c2f5-36ca-9fcd-dbf840dd50fd,47.92702,106.88498,1,0.5922330097087378,0.8406851924998258
297,bee59630-f317-3da5-ad7c-c7fb45cad4e9,47.926932,106.879463,1,0.5436893203883495,0.8693975231766538
298,37b0cc0f-a961-3fc8-b86a-89fe0a6510df,47.92638,106.86824,1,0.39805825242718446,0.8879330374776365
299,10e49291-e071-386c-a15f-75f32779e376,47.92432,106.87545,1,0.46601941747572817,0.9111096912102976
300,15a639ae-0271-3962-8420-f0d4142e3ccf,47.92533,106.88472,1,0.6116504854368932,0.8183914589093613
301,02b9cd26-4ad8-3f76-baaa-a6045f417954,47.91741,106.89126,1,0.8058252427184466,0.7146425335161133
302,b8ac04aa-370e-32ee-a4a3-5d8b5fdecbd1,47.922501,106.888484,1,0.7669902912621359,0.7719510211668487
303,11a4fb56-c58f-3ddf-9953-704a09fea636,47.91898,106.88961,1,0.7864077669902912,0.7301575315411604
304,caf5bf55-3470-3d6f-bef6-d052493f0036,47.92216,106.889065,1,0.7864077669902912,0.7596946955087246
305,cba7379f-f71a-33eb-ab9d-35654ecea18e,47.921071,106.89029,1,0.8058252427184466,0.7499535305188317
306,0bcd6f8b-cdab-347e-a2fd-ab4c6f018d3a,47.91774,106.89018,1,0.7864077669902912,0.7146425335161133
307,e8317ecc-a961-3b63-bae5-61a56c4c3ed9,47.917475,106.886508,1,0.7766990291262136,0.7795778247635865
308,2313e330-53c3-3b57-bb87-6d7796c5ea25,47.91933,106.88236,1,0.6601941747572816,0.8257336369339436
309,96d23f1e-cc24-3483-9aea-d58c0421004f,47.91791,106.88568,1,0.7766990291262136,0.7795778247635865
310,e94b3170-2709-3a4d-8745-ceb578671180,47.9008,106.90231,1,0.6990291262135923,0.42915727595901393
311,ed19b363-2128-3594-b075-c5b369fc3d13,47.91863,106.88569,1,0.7766990291262136,0.8301424289597806
312,2dfa2434-2881-3c17-a76e-28d013bfe3d1,47.9171,106.935577,1,0.7475728155339806,0.47431980296939985
313,4dd3e259-08c6-3a20-8237-df7d9dfee330,47.91838,106.86475,1,0.4077669902912621,0.8575361881084598
314,f3367a0f-b821-3b06-8468-e1e36cfb56b6,47.91225,106.8824,1,0.7184466019417476,0.7589221403843026
315,4c5d1ca1-7d81-3f06-a9d6-5caedc2c5162,47.91627,106.87879,1,0.6116504854368932,0.8343885778015289
316,eb4c6938-b379-363e-992a-daec95277cb5,47.91193,106.88305,1,0.7475728155339806,0.7307906782220777
317,e6977bbf-f66a-3a96-b111-78a5111114ee,47.91276,106.85944,1,0.2815533980582524,0.8484978740212366
318,70048d7c-8181-3682-a7de-c3d636ab6b55,47.907231,106.793099,1,0.06796116504854369,0.8474929714909734
319,7a2e4339-8d8a-31f2-aafc-4a253231fef5,47.91043,106.8428,1,0.1553398058252427,0.7169427728339413
320,59451b3a-3d2e-3d98-88d7-b1ebf44da051,47.91087,106.83911,1,0.17475728155339806,0.7120634773112758
321,d26007b5-b1f0-3b94-a954-20d4443cc0df,47.94837,106.91254,1,0.32038834951456313,0.5217477171867376
322,d929ff7a-a08d-38db-809f-9fd43f15276e,47.91088,106.89071,1,0.7475728155339806,0.6464950393828853
323,1dbbb706-7248-3729-a28a-9297ca5f0eac,47.902314,106.926122,1,0.7475728155339806,0.3983828620553452
324,cfa102d1-a741-3edd-8426-c7087412848b,47.91055,106.89404,1,0.7669902912621359,0.6599537628662376
325,3cc7edaa-6423-3020-95b2-3785b21ae41e,47.919603,106.927782,1,0.8640776699029126,0.5175248030855736
326,37f42ecc-67dd-3cff-808a-8ac0a6bbe726,47.913408,106.881519,1,0.6601941747572816,0.7753432932921304
327,d92dab10-cec8-3a74-847a-8caae278a80f,47.91219,106.87211,1,0.49514563106796117,0.7988278073375311
328,c7d08300-2925-3ae2-a03e-ea1b92ba44a8,47.91016,106.87941,1,0.6116504854368932,0.7259230000697042
329,7afb7a8d-8565-3548-be29-f831c9f4efdb,47.92497,106.89087,1,0.7378640776699029,0.7740828086154418
330,f8630c10-330c-3edc-b202-28e8dca0903d,47.91308,106.86646,1,0.3883495145631068,0.8613002160830874
331,a83574f2-7808-322f-befc-202dc433ec13,47.9157,106.86072,1,0.3300970873786408,0.8578498571063454
332,d4979a64-8dea-3b99-a0e5-c7030372fe6d,47.91616,106.86625,1,0.4174757281553398,0.8575361881084598
333,4c42a6e6-09d0-31fb-9e77-09fd52350007,47.91887,106.87357,1,0.46601941747572817,0.8527440228629848
334,ddd18e8e-9c8e-3b94-ac70-751fab42a2d2,47.92004,106.86912,1,0.42718446601941745,1.0
335,73f1ee83-47d4-35a3-a522-069d5b270c37,47.920757,106.858507,1,0.2912621359223301,0.8524710146611213
336,a405f1bd-fadb-35ad-8ef9-e630a90feb6a,47.926211,106.984759,1,0.21359223300970873,0.33101954041683124
337,793a1280-3f4d-37d7-b699-485b55583957,47.91396,106.87407,1,0.5145631067961165,0.8527440228629848
338,0b916142-371e-3b51-a9a7-691cf8fc87d6,47.955552,106.862147,1,0.06796116504854369,0.5959478612421293
339,9dc8090b-35c2-36b1-b58f-c62c87441613,47.92566,106.93686,1,0.7087378640776699,0.44929598736030113
340,660f44e4-b4be-3c61-b4ce-d30fc53a7131,47.92586,106.9816,1,0.21359223300970873,0.3455412532819071
341,74688f1f-09a0-3103-b9be-eab223a10072,47.91974,106.93521,1,0.7475728155339806,0.4855073305606543
342,9e3c46e7-d134-3e39-9c05-6c991b8ad997,47.928266,106.933848,1,0.6796116504854369,0.44484072585329587
343,ad48d4c2-494b-3d23-a887-e3f586e5efd8,47.919546,106.932726,1,0.7766990291262136,0.46532214967819885
344,4dc8fa57-10fb-33b6-a6c3-497eb6973864,47.904629,107.021,1,0.038834951456310676,0.29761960082715677
345,bc3e2b90-d346-3b9f-b6d1-16fde6f728f6,47.813362,107.167523,1,0.009708737864077669,0.043077209042961036
346,3fec356a-364b-340f-b87f-ee6091be0681,47.810709,107.162806,1,0.009708737864077669,0.042496340528358004
347,1bdcf0b6-94e3-399e-93a0-622ef8dbf4be,47.887218,107.085213,1,0.0,0.15275099328515998
348,efb5fb5a-defe-323b-8706-45ebb899f9f9,47.909628,106.993636,1,0.14563106796116504,0.3503450358976742
349,bf2ac806-aa65-36b6-8ed7-23703d76d26a,47.91582,106.97017,1,0.24271844660194175,0.3882292804200841
350,0cba2b04-5d2a-3476-a502-b6324fbd5553,47.9152,106.96598,1,0.2912621359223301,0.38708496944631615
351,f85c9566-9d0d-344f-bf4e-212b85feeec8,47.91379,106.97434,1,0.20388349514563106,0.36052185227351935
352,ab476b9a-13cc-33e5-a459-21ba69f43c0f,47.91686,106.94153,1,0.6699029126213593,0.4452705685541021
353,195d1697-b8b2-3f02-977c-c787d7eaa395,47.916852,106.947374,1,0.5728155339805825,0.4268338019006018
354,d17ba663-d4a0-3f36-8d67-f1cc8b0e65d2,47.915368,106.945757,1,0.6019417475728155,0.44518343827691165
355,e183ae6d-093a-32b2-9279-36126bb5557a,47.917488,106.941952,1,0.6699029126213593,0.4452705685541021
356,8d599b5d-0d4a-3d70-8933-3ad6ce513f18,47.92072,106.98078,1,0.21359223300970873,0.3514254513348358
357,f88bb4de-5882-3af6-bb4e-cd5f90a34dd2,47.91938,106.98053,1,0.21359223300970873,0.35693789353841865
358,cf1b732f-d6ea-3287-a07e-ac4fc1265aa3,47.92217,106.98779,1,0.21359223300970873,0.34995585399289014
359,73b7d17c-e883-3a31-959c-ca68a0d370ad,47.91604,106.93935,1,0.6893203883495146,0.4452705685541021
360,3b4ba092-f69c-3fde-af50-b73da46175c2,47.9167,106.93798,1,0.7087378640776699,0.4452705685541021
361,05e01e85-3ff3-322c-bc69-973b4fd6b2f6,47.94383,106.98221,1,0.08737864077669903,0.23446176723436882
362,08c2e378-c21f-3750-88e8-b2204c93d710,47.93385,106.97688,1,0.18446601941747573,0.3201224470828783
363,1118f2c8-0821-3083-9caf-8f9a6f9fa7c0,47.92678,107.15623,1,0.0,0.08092079276934873
364,af099991-0ba9-3ebd-97ab-a6aa87a706f0,47.95276,106.94532,1,0.02912621359223301,0.3078486953693162
365,574781af-258c-3792-90ed-f0a35747119a,47.94185,106.96976,1,0.1262135922330097,0.2398928878459072
366,014a1b4b-7042-3e6b-a929-e7493d4204d6,47.92068,106.97016,1,0.2524271844660194,0.40992471944050746
367,0efd78e6-e275-3e0f-ae46-14a73d4a44b5,47.91874,107.03608,1,0.019417475728155338,0.23122632960802994
368,d59fa20a-e33d-32c9-8fdd-7033a8bb0268,47.90968,106.94297,1,0.5631067961165048,0.42918051069959806
369,9cc224a0-1d50-3d67-adff-ef4979f4ab90,47.91089,106.93956,1,0.6019417475728155,0.4423720346662329
370,02b492b0-9d21-3370-ab11-f86cea3a474d,47.911398,106.937559,1,0.6699029126213593,0.46891772578359164
371,8188c6c9-ada5-3f07-92eb-352b089e7f73,47.910473,106.941706,1,0.6019417475728155,0.4141592509119636
372,3e08fe9a-8f73-340b-b937-052d02aadb06,47.91104,106.93887,1,0.6116504854368932,0.4523687818025512
373,33937064-d5f8-317c-8d00-7816aebd0cfc,47.91168,106.93856,1,0.6504854368932039,0.4413845581914078
374,ed9cf0e6-388e-37d4-b053-e436768f5f1f,47.908407,106.940781,1,0.6019417475728155,0.42514928320825296
375,e3267d89-f921-346e-a144-3c8485b80080,47.90204,106.93772,1,0.49514563106796117,0.4062768651688004
376,8453cb7f-f080-388f-bc3b-feef7eb4f3c6,47.9045,106.95113,1,0.3883495145631068,0.4012116917214619
377,64d1623e-7135-3b77-9e2d-a05959a32efd,47.904957,106.945545,1,0.5048543689320388,0.40875136504100934
378,e05e4a65-b65d-3eda-8c77-c1ed70c4c962,47.90353,106.94319,1,0.5145631067961165,0.4147459281117126
379,cd34ce74-26db-369c-8a42-b8261f36eb27,47.93852,106.93092,1,0.5436893203883495,0.41381072980320177
380,7c1bcaee-bb51-3d1a-831f-5ba6a87a41e0,47.94691,106.94133,1,0.18446601941747573,0.3117927925834708
381,df2545da-575b-351a-bd2f-22d31b328a8a,47.92485,107.07623,1,0.009708737864077669,0.13735797764817956
382,e794c189-cea0-31a3-b597-6a05a1aa14fc,47.91766,107.07734,1,0.009708737864077669,0.15348869629870582
383,6d10c050-8f23-31ad-b1bf-5787f434bcb7,47.8732,106.83204,1,0.07766990291262135,0.134186435558447
384,4aef6144-3e0c-3a0c-a793-3bf3bfde053d,47.92193,106.93939,1,0.6796116504854369,0.4345709705151142
385,a0704496-571d-3c4e-83b9-13535df41646,47.92361,106.94691,1,0.6019417475728155,0.42455098863821183
386,cfbce39e-4c3f-3e9b-bf32-9a42373b0ef5,47.919651,106.951222,1,0.5048543689320388,0.44020539510676365
387,ff90cc9d-fd63-38a6-a855-eb344659a437,47.92438,106.95247,1,0.5242718446601942,0.4204616742954065
388,ef62fc77-77bb-3d99-9671-7c322cb593f3,47.89725,106.88989,1,0.5339805825242718,0.4725946234810288
389,25731ebd-e3ef-3d1d-b089-68b5df8f6cf1,47.92056,106.96169,1,0.3883495145631068,0.450231185668812
390,cd9ee46a-6c87-306a-9282-81de057fd84a,47.91876,106.95659,1,0.4077669902912621,0.401217500406608
391,38d7ff72-a044-37f7-beb5-e14c7ce5c366,47.92055,106.9616,1,0.3883495145631068,0.450231185668812
392,ea5d4baf-73a9-3277-a6d6-b2ca6902e334,47.91514,106.93185,1,0.8155339805825242,0.4630858058969772
393,5613c507-9d6f-376a-99cf-7f2392904c85,47.91816,106.93475,1,0.7572815533980582,0.4617962777945584
394,aa52f59d-e67e-3f91-8e89-32b6603fa9d1,47.90883,106.933,1,0.7572815533980582,0.4348788308278538
395,cd62d932-5297-3158-a8e5-ba148b998453,47.91344,107.00192,1,0.13592233009708737,0.339773228931899
396,425c1300-a013-3ecc-8f75-513ceb7bd682,47.914,106.975751,1,0.21359223300970873,0.35687980668695835
397,6f6e79d9-734f-3841-9493-27d395613f0e,47.92011,106.996,1,0.1650485436893204,0.34183531215873975
398,5d38cdae-8de4-3496-99f1-105ca94ed1d7,47.91371,106.98308,1,0.17475728155339806,0.3485617695578429
399,c56e66be-fd30-3dae-8026-038cb518a2bf,47.91456,107.00187,1,0.13592233009708737,0.34246265015451105
400,e5adfed9-a244-39fb-9411-e6214fef09a4,47.92112,107.04219,1,0.019417475728155338,0.19643230558330815
401,869ae036-ab27-31f3-80e7-de6f21a4cc48,47.93449,107.00809,1,0.05825242718446602,0.22860661260717025
402,bef039f1-8876-33a7-9ba3-eb5a6510419b,47.935101,106.999723,1,0.11650485436893204,0.2543158530635005
403,1c21d51c-6900-3ff3-9f11-9b81b7d30ba1,47.877315,106.912797,1,0.1553398058252427,0.16705197611468667
404,4d2127e3-1bda-3397-8216-d113fe7fadac,47.9108,106.94882,1,0.5242718446601942,0.4086526173935268
405,08b5453b-0fee-3a43-bd0c-735692c247b2,47.768542,107.254509,1,0.038834951456310676,0.07313715467366806
406,a56c3cc7-31ad-34ea-bd9b-bc0715d81d08,47.767365,107.249391,1,0.038834951456310676,0.0678396338204884
407,77b8bb9d-446e-37f9-ac3a-21633925e2a4,47.779075,107.23953,1,0.038834951456310676,0.05783126931387811
408,4ab52c29-00a8-3b5c-8d40-b8e4262bff72,47.704353,107.351599,1,0.0,0.0021317874485931366
409,79f4711e-a82b-3fe4-993a-0b83d98a8e22,47.786064,107.40038,1,0.0,0.013290271614117428
410,c31c7036-a42d-3867-b309-a1679c725209,47.88987,107.391464,1,0.0,0.0006389553660633379
411,6ae26e08-e1d1-315c-824f-eacd5890f970,47.959886,106.838975,1,0.08737864077669903,0.469759985129766
412,90c6b516-cd4f-3c49-a4ae-a705bd400138,47.779175,107.23963,1,0.038834951456310676,0.05783126931387811
413,c82d4cc8-c27c-3709-969c-bc677c6bbf74,47.964161,106.845571,1,0.08737864077669903,0.4534433885545668
414,4496d9cd-9a4c-32dc-891b-d8c8ba60f74f,47.91963,106.75153,1,0.02912621359223301,0.3754385557285253
415,77cb50d6-9340-3352-86cc-caf8aa273cf1,47.914526,106.832366,1,0.13592233009708737,0.7564941099932619
416,0548ad0b-31b4-3a5c-80d2-c89ef26e64b1,47.92041,106.76439,1,0.038834951456310676,0.48007620994911593
417,204dad27-7b13-34e5-bdd6-dde6dd3c264b,47.928085,106.739221,1,0.019417475728155338,0.2141487952787007
418,6d29e2c3-938b-36b5-bdd9-63b661b7fa6a,47.94543,106.8577,1,0.0970873786407767,0.6550279978624038
419,2e0d8323-3451-3da1-80a0-bf7d72c0a74d,47.95434,106.84881,1,0.07766990291262135,0.5094507307325914
420,e9ee2c64-a1c7-358a-bc76-4d812f9d06a7,47.545582,106.505663,1,0.019417475728155338,5.808685146030344e-06
421,26f703d1-cddb-3a20-ae06-20766c8a3165,47.91466,106.83964,1,0.1941747572815534,0.7619775087711146
422,ffb66dc1-f55e-3060-bf7a-3f531593bdbd,47.914616,106.835748,1,0.17475728155339806,0.7655905109319454
423,ea52385d-ca0a-3a30-8b0e-82ebc82a5535,47.91491,106.83265,1,0.14563106796116504,0.7564941099932619
424,e7a11d9c-10c6-3a64-bef0-709611ef1324,47.913543,106.83096,1,0.13592233009708737,0.7486698111015591
425,618c0ec5-1800-3f9b-ad4b-0d1d48f712af,47.5457,106.5002,1,0.019417475728155338,5.808685146030344e-06
426,1169df21-ae90-3c65-b710-eace50eaafbe,47.912761,106.81352,1,0.14563106796116504,0.7970096888868236
427,cd7231d2-0703-39b7-9e13-0ca08ba9512b,47.9197,106.81485,1,0.14563106796116504,0.7919677501800693
428,2ffc5fee-9103-3fc3-be81-4021c7ab1e50,47.91806,106.8148,1,0.14563106796116504,0.788290852482632
429,bf8cc75d-7a0c-37d1-8c3c-ff4eaa109c9e,47.91974,106.813901,1,0.14563106796116504,0.7911429168893329
430,b6e8dd17-e428-3ff1-97de-46806ed08033,47.91541,106.77547,1,0.04854368932038835,0.6440902437324287
431,27c3ffe5-5324-3e31-bfca-b05706e1b7b7,47.90654,106.78392,1,0.038834951456310676,0.818908431887358
432,57ceb297-999d-3303-8236-66d7ae9dd5f1,48.116398,106.653745,1,0.0,0.005698320128255768
433,5d145dd4-3cf9-3249-b808-f840af4728ed,47.997753,106.555147,1,0.0,0.01940681707288738
434,f6025211-ee13-3d64-92a3-7b2a212bf64e,47.979561,106.696038,1,0.0,0.05482817909338042
435,911dbcc9-3295-3c51-9427-d9063388b7b3,47.924971,106.82551,1,0.13592233009708737,0.7474964567020609
436,1bac8257-493f-3bf9-8d5f-05f70f0faa4d,47.960482,106.809368,1,0.02912621359223301,0.3181358767629359
437,1f84abca-6093-33b9-a1b7-39606f27188b,48.07654,106.58693,1,0.0,0.007620994911591812
438,37f97dc2-ab6a-3ac7-b6bb-b00a5ea03379,47.967352,106.831055,1,0.06796116504854369,0.42290713074188524
439,de87519d-e546-31b3-8ba9-f7d463c168c9,47.96716,106.82495,1,0.05825242718446602,0.38917609609888704
440,7b7134ff-65c1-3870-9fc6-a744a6d79d61,47.93815,106.79315,1,0.009708737864077669,0.41128976044982457
441,9dc3c187-1833-3a14-9009-b4bd975eed6e,47.91404,106.82812,1,0.13592233009708737,0.776981342503311
442,a7dd129c-65fe-3582-b3f9-83e5e2f8a9bc,47.92197,106.79533,1,0.08737864077669903,0.7536536629568531
443,e9462e34-011d-3dfe-b8b8-00a34668169c,47.921209,106.821362,1,0.14563106796116504,0.7943899718859639
444,d007f8f2-2855-3ccc-9c10-4fefef50aa58,47.93261,106.82128,1,0.1262135922330097,0.6418829433769372
445,c2fded4d-4dc5-3c98-8153-f15e12326834,47.955315,106.826476,1,0.07766990291262135,0.4598213248449081
446,f1eb8df6-7ed2-3c59-8b21-6954e95b143a,47.95705,106.83879,1,0.08737864077669903,0.469759985129766
447,1d897eaa-b31e-346e-9b3f-1e028b12be58,47.789908,107.254471,1,0.038834951456310676,0.057947443016798716
448,5c6b3393-9665-368a-ad5c-bf0e87d50c71,47.91562,106.91189,1,0.9805825242718447,0.5454413438973954
449,a46fc862-a47d-3acf-ac81-f89b31d00153,47.91249,106.92569,1,0.941747572815534,0.45782313715467365
450,43b3d105-6e7d-3248-ab9a-ddfb3978a4e7,47.93246,106.91974,1,0.7475728155339806,0.4849845488975116
451,9ffc1621-cc89-34cd-aa73-6b8ac1d266d1,47.91613,106.89405,1,0.7766990291262136,0.686818931666628
452,8a1bbfe5-0a79-38bf-beb9-f20ddd7cf824,47.931396,106.921506,1,0.7766990291262136,0.45294965031715423
453,cae188a3-d288-34f3-a0ac-4714ec3a5204,47.929745,106.919422,1,0.7864077669902912,0.5520109667975557
454,73c4744b-c960-337a-bdfe-64ae9b323cb1,47.93353,106.92409,1,0.7087378640776699,0.4620286252003996
455,691fd7da-0ab8-307f-a397-1b4fcb327670,47.986944,106.947197,1,0.02912621359223301,0.24346522921071587
456,3f70b055-5f96-3e25-954c-eb60fab3e17c,47.932068,106.918942,1,0.7378640776699029,0.4989253932479844
457,6dfefc6e-45cd-38f3-ac6c-02866f62c97c,47.93274,106.929181,1,0.7087378640776699,0.4457875415320988
458,2378be16-97bc-31bc-a5ca-1a0d57a633d2,47.92594,106.86626,1,0.3883495145631068,0.9093728943516346
459,e2eee043-2a1d-37a7-8ec2-4482c01a1bd8,47.935053,106.921033,1,0.6601941747572816,0.4669776249448175
460,548a8621-a5ba-3415-90d6-9a455bc1f73e,47.96564,106.91883,1,0.07766990291262135,0.4500743511698692
461,f8b9040a-bcbf-3ecf-8fa0-7b5486aecb83,47.97818,106.93466,1,0.02912621359223301,0.3463196170914752
462,645f7543-e8d3-3ecf-bdfa-5ec0be9ded23,47.99768,106.97063,1,0.009708737864077669,0.15437161644090244
463,2d60bdc2-6c64-3663-a619-35624ec9b4a8,47.91272,106.91114,1,1.0,0.5695764306791514
464,40669844-bcf9-37fe-a66d-fcc6711e8a7c,47.90988,106.90854,1,0.9805825242718447,0.4826494574688074
465,84ef2245-8385-368f-a7b8-a94769b1bdf8,47.91425,106.91054,1,0.9805825242718447,0.5441750505355608
466,9cbb91c2-6670-37a2-9091-b7a31f28410e,47.9109,106.9089,1,0.9805825242718447,0.5016670926369107
467,c9a8e338-59af-3f87-9987-1cbf03e92195,47.911238,106.909356,1,0.9902912621359223,0.5161016752247961
468,79dd9ed5-7633-3acc-9351-6aaa617b6dcd,47.90859,106.90866,1,0.970873786407767,0.4826494574688074
469,29aec5b0-5c4f-32c3-9dbe-3977d38ff4a7,47.91107,106.90346,1,0.9320388349514563,0.5633843723134832
470,8ef82bca-52cf-3152-8838-0d2cb93f0127,47.90917,106.90787,1,0.9611650485436893,0.4826494574688074
471,18d2917b-fa81-34eb-b1e0-665a60575d55,47.91367,106.90317,1,0.970873786407767,0.608151908733939
472,bc075b07-edbe-3166-9af5-6ed4ec686ca1,47.91034,106.89802,1,0.7961165048543689,0.5309022049768815
473,3df4a6bb-0519-3852-b627-f10be4eae933,47.91515,106.89816,1,0.8543689320388349,0.6286565672994261
474,d93a9c79-c18f-3ff7-a332-df83e96a672d,47.92811,106.91889,1,0.8155339805825242,0.5575931132228908
475,f20f2c41-74c8-3034-a019-328a2de7b792,47.9288,106.91868,1,0.7864077669902912,0.5518831757243431
476,7328028f-b88a-3566-812f-9c3059d7ed03,47.92648,106.92422,1,0.8737864077669902,0.4776307535026371
477,5a940f70-f6a9-3dc1-a546-6d2effceecaa,47.925866,106.928771,1,0.8543689320388349,0.47677106810102465
478,d66c2321-509d-3aab-8437-7a907ecb7841,47.92332,106.92648,1,0.8932038834951457,0.4920537187202305
479,77ec74c9-ea97-31c0-8e82-dbd847e7fc6b,47.92726,106.92716,1,0.8349514563106796,0.4933606728780873
480,daf077b8-1976-33e6-a4a9-c79aec239469,47.92894,106.92396,1,0.8543689320388349,0.47975092358093824
481,7c1be40a-b3ac-30f5-b22c-a0531f9c9c4a,47.92378,106.93006,1,0.8446601941747572,0.4593856734589558
482,ecbad66c-3df6-3c2f-ab11-f28a0598de74,47.915647,106.922406,1,0.941747572815534,0.4730244661818351
483,991e5943-c4c9-3c0c-9317-f0eca4531b1b,47.92009,106.92902,1,0.8446601941747572,0.49547503427124234
484,2a6998ce-7cdd-3792-a6e0-1f6135d7e8bf,47.92224,106.92699,1,0.8932038834951457,0.5018703966170218
485,ad6515a7-8ce3-364b-bdaa-ed04b423a152,47.920958,106.929605,1,0.8252427184466019,0.49661934524501034
486,43ca4629-d5f6-34b8-9e7b-84aefc3cc072,47.920248,106.92401,1,0.9223300970873787,0.48936429749761845
487,99a2b88f-3c0e-3235-a076-f26bc17e9e20,47.925041,106.921893,1,0.8737864077669902,0.4776307535026371
488,67481a6e-4eae-3b0e-baf6-9666981e4bc6,47.91571,106.86072,1,0.3300970873786408,0.8578498571063454
489,1233765e-4231-307b-b293-b5e189ff39d5,47.929421,106.893132,1,0.6796116504854369,0.7921536281047422
490,7d9cd244-6558-3d23-87e6-2f6a102a0f8e,47.92492,106.92251,1,0.8737864077669902,0.4776307535026371
491,63576a84-ef34-3feb-b310-f9fd42df4a30,47.921131,106.927817,1,0.8737864077669902,0.5178442807686052
492,96caafcd-a62b-37cc-b4d0-971deb694962,47.926162,106.924613,1,0.8737864077669902,0.4776307535026371
493,2dad6cf0-5447-33f7-a5f1-88d60533854d,47.881315,106.919546,1,0.18446601941747573,0.20737586839842934
494,79b9001d-b91c-3244-96b4-bc052fce39b2,47.92997,106.91361,1,0.8058252427184466,0.5338413996607728
495,384a4a41-7f24-30fe-b83e-b8eba37ab694,47.924566,106.927056,1,0.883495145631068,0.4723041892237273
496,c771f37f-a318-35aa-90fb-73ff3e7a5ec1,47.92395,106.92083,1,0.8932038834951457,0.504606287320802
497,0e0f4240-4fc8-39c5-9e56-c96b56694abf,47.902,106.90519,1,0.7378640776699029,0.4182079044587467
498,e9f94c78-7604-3870-9170-7e65edd7ad41,47.901924,106.905856,1,0.7184466019417476,0.38932712191268387
499,d065608a-0201-32cc-a86d-2645df2c458f,47.903794,106.98004,1,0.17475728155339806,0.3213655057041288
500,c47875ea-66a3-3a96-a607-50bc37d87be8,47.883921,106.910345,1,0.2912621359223301,0.21815678802946165
501,830d9444-c435-3189-9307-fa5749251357,47.880903,106.979609,1,0.009708737864077669,0.15033458026441135
502,2841b93f-6838-3b1f-8d60-8e01dce6aa6e,47.89221,106.9355,1,0.30097087378640774,0.3096087269685634
503,e6a938e8-0401-3186-90a4-8ce0e833ed71,47.87462,106.914595,1,0.10679611650485436,0.14750575059829457
504,cd89ca8c-0f37-3e36-983e-32e229653a41,47.880559,106.921312,1,0.17475728155339806,0.2028509026696717
505,418ad86c-80ca-3a7b-a844-d7715240513b,47.89023,106.9241,1,0.3592233009708738,0.3002567438834545
506,a7a12529-e676-383e-9efb-875581b72ea3,47.882555,106.917193,1,0.20388349514563106,0.21302191036037083
507,8e08e4ae-7832-30ec-876d-4d80a44e3345,47.87054,106.91106,1,0.10679611650485436,0.13266456005018704
508,6f1be00b-171c-3108-aa48-272fa9e0feb8,47.843867,106.677182,1,0.0,0.059184692952903184
509,96e58562-6bb6-314b-8702-40c4d8df37a4,47.75422,106.55874,1,0.0,0.04568530867352866
510,ca20fc75-ce41-39c5-9033-8fbbd26b054b,47.788897,106.7088,1,0.0,0.04021352726596807
511,ec4e36be-0ff2-338e-8554-5eba681c9e9f,47.90236,106.92345,1,0.8058252427184466,0.3705650688910058
512,4e7f3441-8dfb-356a-bbf0-1f35230ea0f4,47.89063,106.89762,1,0.3786407766990291,0.2872975673226608
513,e40f11b7-e7f8-3272-a4ec-cf145d317f7e,47.8922,106.90086,1,0.42718446601941745,0.2872975673226608
514,b99388f1-5e5d-39cb-b721-3cb4e4b9aaa3,47.8914,106.90366,1,0.42718446601941745,0.27850902669671695
515,be67a788-91b5-3945-b3b6-42b0b7662097,47.89649,106.91353,1,0.5533980582524272,0.35136155579822953
516,ca05fd5a-4aac-39e8-aec8-bf8f0237ddae,47.90042,106.92891,1,0.6893203883495146,0.3897627732986361
517,c306ea15-6356-3bcd-9b80-ef57d5316593,47.85989,106.76338,1,0.019417475728155338,0.1548827807337531
518,f8c468ee-9f4d-31ae-baa9-bd869f02c3f9,47.859057,106.762487,1,0.019417475728155338,0.1593031901298822
519,c22ec654-8ade-38d1-8df4-344d2c331681,47.92128,106.92795,1,0.8737864077669902,0.5178442807686052
520,07ab2455-eec1-3215-8022-f3e78df80b17,47.8996,106.90282,1,0.6893203883495146,0.4367550361300216
521,7ad3a4b2-51b9-35f0-95d5-f9a5918cc3d2,47.89817,106.8916,1,0.5728155339805825,0.4725946234810288
522,152b285e-56a1-347b-a8d7-f09b27d51225,47.915724,106.887653,1,0.7766990291262136,0.7360823903901113
523,f6dfb748-d087-382c-a47e-bf10744886c5,47.89711,106.89107,1,0.5339805825242718,0.4348904481981459
524,4a062cdd-12e4-3390-8597-983400f6bef4,47.90095,106.89898,1,0.6601941747572816,0.42643881131067174
525,3d1200ae-2878-368b-840b-dda843c301f4,47.90025,106.8954,1,0.6310679611650486,0.4751794883710123
526,b9fc7ba3-8e6b-3d1c-9e32-2bbc821926a4,47.89752,106.89569,1,0.6019417475728155,0.4045574943655754
527,7ba83976-68d1-37b5-b115-1879d6a79b5a,47.89616,106.89156,1,0.5339805825242718,0.3910174492901787
528,d580df13-dd8f-3cac-acb1-5c2f47a161cf,47.90165,106.89106,1,0.6601941747572816,0.4725946234810288
529,9722502c-6849-3a8a-8abb-91579dfc5af4,47.5223,106.4955,1,0.019417475728155338,5.808685146030344e-06
530,c13efa47-c521-32bd-88e5-ccbef31bdb6f,47.86667,106.8296,1,0.07766990291262135,0.10791375264295174
531,85381ef0-26b2-3800-ae08-985de75c534a,47.8742,106.84796,1,0.06796116504854369,0.1155986430911499
532,42096b4d-59fa-3149-b269-4b352022eb7a,47.88008,106.85361,1,0.04854368932038835,0.19759404261251423
533,d3f926e6-86a2-38ef-b58f-a8668467cf52,47.87916,106.84852,1,0.05825242718446602,0.17767606124677618
534,871b2327-7560-3da0-b16a-84f5be378a70,47.853992,106.830616,1,0.038834951456310676,0.08358697925137666
535,f631e806-39a5-3716-8333-dcab0d232532,47.87573,106.84941,1,0.05825242718446602,0.1155986430911499
536,f89aa52c-ae6d-3197-b88e-b140c528536a,47.918362,106.925255,1,0.912621359223301,0.46599595715513836
537,3b7c2c40-9820-3c1e-9826-6e0be5595311,47.86967,106.81802,1,0.038834951456310676,0.17313366946258046
538,6949ba6f-3693-323a-b3d1-923c634df12f,47.86561,106.80362,1,0.02912621359223301,0.19879063175259648
539,609e2104-cc85-32fc-9097-901722e111dc,47.84537,106.78829,1,0.009708737864077669,0.10110016496665815
540,0e23e3c7-e181-353e-8e31-3b0f75eadfd1,47.86653,106.76313,1,0.019417475728155338,0.24482446153488696
541,7df24e1a-c865-33f6-9e78-9754a627c028,47.91897,106.90863,1,0.9805825242718447,0.5661783498687237
542,14aee58c-6803-3c5e-99b6-999e97e57c06,47.93642,106.90674,1,0.7184466019417476,0.5994911591812078
543,9bd6c336-3b6d-3292-b9d1-2a714c8a43b2,47.9417,106.90979,1,0.5048543689320388,0.544413206626548
544,9cbbb4ba-e8da-3a1f-9542-91676b2c1ab7,47.94527,106.90436,1,0.33980582524271846,0.6277097516206231
545,b0d4a1a5-8668-3895-8e28-76e75e068985,47.951109,106.88704,1,0.17475728155339806,0.6782917818722554
546,7370317d-bd7f-3e2b-a639-ba62c96f191a,47.9483,106.91257,1,0.32038834951456313,0.507458351727503
547,8fbaa384-1ebf-3648-aa5c-7538d555a829,47.95712,106.90342,1,0.0970873786407767,0.5674272171751202
548,48fba570-f36e-34e9-8925-0651cba0614c,47.960583,106.898552,1,0.0970873786407767,0.5766397918167243
549,3d4336e8-96df-3ffd-80cc-a5378731c545,47.9687,106.88737,1,0.05825242718446602,0.5574420874090941
550,eff41d04-922e-388a-89e2-b5644c595664,47.97109,106.9028,1,0.07766990291262135,0.5808801319733266
551,2cf39fbc-048c-3524-ab5b-c8e53a8ae6a9,47.99104,106.88001,1,0.009708737864077669,0.3684332814424127
552,126d23ce-727f-3a41-8e99-648fda6f0bae,47.99511,106.92631,1,0.019417475728155338,0.34968865447617276
553,37ded6ab-929a-3a2d-ab8e-9e14e2439837,47.874738,106.847697,1,0.05825242718446602,0.1155986430911499
554,5362e457-71b8-3a72-b33e-1d3e8dc81a3a,47.91777,106.90193,1,0.970873786407767,0.6491902692906434
555,354645c8-5299-3c06-afc3-c9e1f868561f,47.91789,106.90268,1,1.0,0.6140244894165756
556,045fc55b-ac60-3f78-8373-49c683e44a9a,47.92496,106.91156,1,0.9514563106796117,0.5963428518320593
557,221af0c3-0bd1-3bd8-95d2-f5331cd96ac6,47.921302,106.903513,1,0.9805825242718447,0.6725876530588536
558,9a8ebaa9-c04a-30de-8e44-eff79cf41757,47.921796,106.90587,1,0.941747572815534,0.615046818002277
559,e281657c-1c08-36f5-aa93-08dd7bc21cde,47.92382,106.90815,1,0.9223300970873787,0.6072864146471805
560,204af8ba-079f-3d5f-90b8-183ba13bb8ab,47.922333,106.900653,1,0.883495145631068,0.6490740955877228
561,3460eb51-656e-3a4c-989f-6b2e5a0c0f34,47.925078,106.904729,1,0.9320388349514563,0.6072864146471805
562,c8e0809a-ee2f-389f-93bd-740976e53dcb,47.92356,106.90319,1,0.9514563106796117,0.6502590673575129
563,088dba55-ce26-38fb-814a-35e3aa350880,47.918279,106.899688,1,0.9029126213592233,0.6286565672994261
564,7482e6e1-655c-3ea9-beeb-7ad82dc60b11,47.92636,106.90602,1,0.883495145631068,0.6072864146471805
565,b76bcba1-139a-3006-b49f-cbad61c34428,47.921249,106.904011,1,0.970873786407767,0.6444561908966286
566,c1a456a8-d3d3-3eed-8b39-edd3cb84b6bb,47.926491,106.913063,1,0.8640776699029126,0.5209693533771695
567,7c441321-2df3-3db1-ab45-42a1721aa8bc,47.958093,106.864349,1,0.07766990291262135,0.5549211180557169
568,37f95023-00fe-35a4-8398-c48ef1794751,49.035128,104.056455,1,0.13592233009708737,0.09421687306861219
569,b8e13652-9038-3673-9192-c499ae57e0f6,49.023902,104.013348,1,0.02912621359223301,0.08537024559120797
570,c9f06ec6-c0f4-3710-9543-a803e899f126,49.0376,104.0875,1,0.009708737864077669,0.08723483352308371
571,35ffd09b-7bf6-3268-a323-5db13bd92ab4,49.05686,104.11661,1,0.0,0.07817909338042241
572,bc92bc6a-14af-36d8-bfb8-099dcf5b0b67,48.99376,104.03038,1,0.019417475728155338,0.06059039475824252
573,295b1073-2eb4-38cf-8028-53f596ea8b0b,49.0313,104.03159,1,0.13592233009708737,0.09634285183205929
574,9177ffef-bed6-372a-b945-2e1195a667e0,49.01483,104.005349,1,0.019417475728155338,0.07305002439647762
575,cf48f9a6-e8ad-3732-a2a2-49900675bb70,49.03128,104.06194,1,0.13592233009708737,0.09840493505890006
576,80069114-5d2b-3d64-90ad-bfbc8361ecdb,49.02653,104.06304,1,0.1262135922330097,0.09209089430516508
577,9e8cb3b3-3a79-3332-86a5-4205cb065f66,49.0294,104.05884,1,0.14563106796116504,0.09624410418457678
578,646a0f26-db2c-3558-a31a-9793b08b86bd,49.028014,103.996173,1,0.019417475728155338,0.04501150119658914
579,c5123a7d-8c2d-3e5a-9c43-d70faaf5740f,49.032929,104.044828,1,0.1553398058252427,0.09708055484560515
580,1c362c60-bd68-3387-8199-85eb25c2519a,49.02811,104.055357,1,0.1553398058252427,0.09911359464671576
581,11f87dc7-ea49-3548-8515-d95ac864a921,49.024922,104.051665,1,0.1553398058252427,0.10202374590487698
582,d2470620-f2c3-3e78-bbc8-7a561467fe89,49.03184,104.04449,1,0.1553398058252427,0.09916006412788402
583,4e801b8e-eefb-32bf-84db-29c51f57becc,49.03156,104.04462,1,0.1553398058252427,0.09916006412788402
584,8ec5043b-c835-34e7-8382-590188ca0b49,49.03113,104.04765,1,0.1553398058252427,0.09557610539278329
585,56e88883-6c39-3677-8bee-fabd76627c3d,49.03723,104.05582,1,0.13592233009708737,0.08938985571226098
586,3cd9d838-7ed1-3d92-82f0-12644e18cc73,49.03365,104.04317,1,0.1553398058252427,0.09552382722646902
587,c341cb8c-d600-3086-9830-847736fceda4,49.02621,104.05684,1,0.1553398058252427,0.09804479657984619
588,b976029a-2a63-312c-99d9-d5d5ddd2f860,49.02456,104.04354,1,0.1553398058252427,0.10565998280629196
589,c6f2b20c-ea71-35b9-a857-e1beabf9af3a,49.01313,104.03881,1,0.1262135922330097,0.09999070610376636
590,c30e998e-2f26-3b02-af26-84a0c500de06,49.01325,104.03878,1,0.1262135922330097,0.0986605172053254
591,bfa91385-f09c-39a7-be94-e97e60d793ba,49.06952,104.40957,1,0.0,0.0053846511303701295
592,ead43820-d245-306c-ae97-4d41f29d2a3c,50.31936,106.491779,1,0.0,0.007934663909477451
593,1fb1ca9b-d0c9-32c9-9f25-e88b4d0b919f,49.1707,104.827579,1,0.0,0.0023815609098724413
594,58f3e3c4-916b-39ed-9f1d-69d1ac6b3a6e,48.913138,106.087559,1,0.0,0.006226910476544529
595,3b2ca779-3833-3f59-b4c1-c89420bb3d86,49.745205,106.661496,1,0.0,0.0020795092822788633
596,02a2028f-6fea-3211-9e58-b930345b63c9,49.42704,107.28231,1,0.0,0.0010513720114314923
597,f84852ed-91a1-3d16-9b3b-fde6f6318888,49.739172,106.262405,1,0.0,0.0008306419758823393
598,380b0d09-5d9e-3edb-ba1a-eac98d858d19,50.069161,105.887058,1,0.0,0.001365041009317131
599,fab71e5e-b9f1-39a0-ab0c-fb01bfb211cc,48.85898,106.44756,1,0.038834951456310676,0.036135830293454775
600,8006f384-a82f-35ca-bd85-ea2e4a5fb976,48.86339,106.45625,1,0.038834951456310676,0.03872069518343828
601,7231a592-d3d5-38c8-a26c-b9db19547a00,48.85243,106.46372,1,0.038834951456310676,0.04867678152373429
602,926b1993-5e2d-3345-aabe-780b59251f58,48.85051,106.44835,1,0.038834951456310676,0.0371174980831339
603,7b2777bd-6ec3-309c-9521-cb4d4fb8edd5,48.81261,106.500285,1,0.0,0.013394827946745975
604,7ca62c22-8d99-38b5-8222-ee0e83488264,48.645393,106.762111,1,0.0,0.004124166453681545
605,c28609c8-b5a1-383e-a43f-f41232b758bf,48.788545,106.723251,1,0.0,0.001382467064755222
606,3a66208c-ad80-300e-991e-a20dfcbcd2df,48.8528,106.46228,1,0.038834951456310676,0.04915309370570878
607,86d6bc5d-cc3d-3cc2-b3a5-fd8e799c10c7,49.146431,105.398604,1,0.009708737864077669,0.0008132159204442482
608,bad6d2b9-5133-3594-89a6-681843116176,48.945504,104.973679,1,0.0,0.0008654940867585213
609,cedb67a1-0a75-3702-a48f-e7c3434d8fad,48.831857,104.80362,1,0.0,0.0011849717697901903
610,e15b8782-7455-3bee-959a-00a8058d52e5,49.05,105.3304,1,0.0,0.00016845186923488
611,f7519f35-10e7-34fe-8ce4-52e997d5862e,49.089574,105.574263,1,0.0,0.005239434001719371
612,6e4e9d0d-1dbe-3ad3-a837-2169ccd6f7e2,49.198278,105.66898,1,0.0,0.001231441250958433
613,f0107d87-5f2d-3f09-88b0-83bc68f186e9,49.247506,105.380999,1,0.0,0.0020504658565487117
614,e2220fbe-71af-3426-a2ba-17a5b05a93dc,50.24627,106.16954,1,0.009708737864077669,0.01618880550198657
615,aa5f6bd1-3822-3336-b669-d41cd89f5277,50.24138,106.18817,1,0.04854368932038835,0.03762866237598457
616,fbe8e0eb-6cbf-39b0-b8a1-020bac6db604,50.2401,106.20804,1,0.038834951456310676,0.0521445665559144
617,0b709179-2c10-3ea1-88a5-a5719e55fb28,50.23272,106.21224,1,0.038834951456310676,0.06118288064313762
618,fe08e1a9-61ba-32bb-a171-7ae9c1974f89,50.20443,106.22883,1,0.0,0.046881897813610914
619,0e8f7dd6-7c34-3bca-a7d0-9c5c26237505,50.237185,106.206324,1,0.038834951456310676,0.05595506401171031
620,32eba159-dcc2-351d-89f5-25fbc2487bbb,50.23474,106.2051,1,0.038834951456310676,0.05474104881618997
621,f1a5c9e1-272c-31fc-8107-3b20e167869f,50.32019,105.042834,1,0.0,0.00048792955226654896
622,fbef1d3a-4009-3e41-94f4-f6bb430f0bd8,49.675741,105.825229,1,0.0,0.0015567276191361323
623,dea7cc28-65dd-35c7-97f1-90b297d6e5d4,49.778074,107.516593,1,0.0,0.0014405539162155256
624,5b12c1e5-9207-35d1-a519-1fa6d917da52,50.113308,105.451896,1,0.0,0.005547294314458979
625,eac6c216-f6f7-331c-bf7f-f3587108b71d,50.08372,106.18681,1,0.0,0.001045563326285462
626,09414f23-7b82-3154-84d3-32e415a151da,50.019429,106.132929,1,0.0,0.00042403401566021515
627,94016bdf-86e3-3a4f-9b37-8711c3fa517a,46.363164,113.57648,1,0.0,0.0007086595878157021
628,c62c9f2b-c926-3d33-9f05-e5cb8eaa1bf2,46.67901,113.275494,1,0.038834951456310676,0.07919561328097771
629,60e7e964-79f0-3209-8b08-1a6e68572c9e,46.68678,113.27834,1,0.038834951456310676,0.07082529798554799
630,387cc635-0a53-32bf-9545-a9fffdc947e6,46.681644,113.284145,1,0.038834951456310676,0.06886196240618973
631,1527f3c5-23a3-36a3-86e4-26dcd7320310,46.680824,113.275923,1,0.038834951456310676,0.07665721787216245
632,f600644d-1d1a-3ad0-8ac4-cf36ead844a3,47.728475,108.111857,1,0.009708737864077669,0.0007028509026696717
633,4689e452-c3e7-3893-8339-03ca51933c34,45.30408,113.849714,1,0.0,0.0013011454727107972
634,9e85af30-2627-3b16-9170-0692ecc27ea9,46.970753,112.053683,1,0.0,0.0010746067520156137
635,e7658147-8c15-34c3-aedf-3e09097f9752,45.129406,113.676686,1,0.0,0.0003949905899300634
636,f8ee0876-19a7-3a3b-900f-7538327ba7ed,45.353686,113.135774,1,0.0,0.0014637886567996467
637,8ace44b1-88db-3536-8371-699bfe1b5321,46.680913,113.271526,1,0.038834951456310676,0.07539092451032785
638,65a792b3-bd23-3eff-82cb-952b610e17cb,46.206559,111.809687,1,0.0,0.0007725551244220358
639,b70646a6-bdb3-3713-8ecc-974d602b3109,47.57674,112.3483,1,0.0,0.0015451102488440716
640,32debab0-938e-341b-9144-e206b07afd60,46.494147,112.349942,1,0.0,0.0009758591045330979
641,e75cee59-9049-3187-a89e-bd857dd2b664,46.167199,112.953765,1,0.0,0.0005692511443109738
642,a6fdcd41-a5d0-3d52-b2d3-278e8a261e5d,45.902479,115.363472,1,0.0,0.0019284834684820745
643,cd34f5f7-526e-3029-9758-28091f1b65af,47.697955,106.407626,1,0.0,0.001196589140082251
644,d13212c3-bad4-3b9e-9ffb-fb8bfa9b38f5,47.940145,105.894728,1,0.0,0.0008132159204442482
645,edefdb07-ead7-3a7f-93cb-be1f16332043,47.427035,107.888731,1,0.0,5.808685146030345e-05
646,50839825-4c51-3617-bf0d-4c1a21e528cb,48.366085,106.742207,1,0.0,0.0037872627152117848
647,189e6fd1-3f22-34ec-a29d-d18b7604fd7d,47.249608,107.537028,1,0.0,0.00067380747693952
648,a99c31f5-ae8c-3678-a62a-72bccf81d23e,47.039626,105.954831,1,0.0,2.3234740584121377e-05
649,19fb664d-a032-3118-a7ca-3c561effe314,47.728475,108.111857,1,0.009708737864077669,0.0007028509026696717
650,33c8ea67-5282-3e9c-9839-cbc2ebd9ae25,47.179544,108.25876,1,0.0,0.0004530774413903669
651,901cb73a-55d7-3fbe-8c24-0301529df967,47.951876,105.545911,1,0.0,0.0007609377541299751
652,1ec27adf-26ad-3fd5-ab57-c7c1b33da100,46.772512,107.144973,1,0.0,0.00024396477613327448
653,6e6538fd-0a4a-39a1-b281-79d8aa175b86,48.127825,105.812379,1,0.0,0.0009526243639489765
654,7746ce23-bf85-3a36-93f9-2d9da4c824a3,48.226203,106.288266,1,0.0,0.0060758846627477405
655,4a5a7060-9735-36e6-a28f-6598c2003da4,48.465663,106.263451,1,0.0,0.0035316805687864495
656,8c6daead-0a12-3b44-967f-7a4695e21033,46.917933,105.051308,1,0.0,0.0013766583796091917
657,af7242b5-d149-32a3-9d73-3a1bdf5a0f9f,46.619118,104.567821,1,0.0,0.0006041032551871558
658,2844efee-2d77-3abb-9fac-9729ff45ba37,48.530118,105.86786,1,0.0,0.004019610121052998
659,c7c9de47-4e08-38f8-ba81-67177329fd4d,48.289647,104.412947,1,0.0,0.00320639420060875
660,75125294-363c-319f-a21a-d6d168ea6116,48.21469,104.77366,1,0.0,0.003136689978856386
661,0b5c79bf-c6d6-38fb-a8c8-e5c9a3f0d75a,47.706501,106.956242,1,0.02912621359223301,0.04882199865238505
662,11b8d052-6111-3c4b-b170-51d498d14cc0,47.709711,106.947075,1,0.02912621359223301,0.04019610121052999
663,5f14aca5-726a-3937-ab56-9ce17699ad93,47.703915,106.951341,1,0.02912621359223301,0.04551685680429378
664,ba2cbcde-af5e-39f9-aeb2-ff177d8209ed,47.706033,106.955305,1,0.02912621359223301,0.04870582494946444
665,aef844ab-f04e-3f6a-b772-adbe35037f95,47.86841,105.251901,1,0.0,0.003322567903529357
666,e9566d06-e617-3a27-b37e-ad25316b1e45,48.203947,108.484626,1,0.0,0.0008015985501521875
667,013dfc57-ab86-3b89-a6a0-81bff779d51c,47.612421,107.016565,1,0.0,0.00014521712865075861
668,a63705f1-60f3-32ff-8188-44f83bd066ea,48.800379,105.924561,1,0.0,0.0017774576546852854
669,55c53ac9-322c-3f36-8ee3-ae366ce4b933,48.25735,105.408148,1,0.0,0.0016903273774948302
670,c71facf4-5658-33f1-ade5-6bfb0d7baa45,48.454075,105.313994,1,0.0,0.0011733543994981296
671,a81f4fb5-fef0-3701-b2ed-43e9b7d04480,47.71988,107.793437,1,0.0,0.0009932851599711889
672,e3d1934d-0a26-3fb4-b73f-8e721f9b9c73,47.331658,104.49385,1,0.0,0.006482492622969864
673,bf81afce-94a2-3f33-b81e-2cf46ab5cf19,47.454116,105.05107,1,0.0,0.0005518250888728827
674,50941061-48d8-3737-bef6-ead3bc3a5f82,49.658181,94.407519,1,0.0,0.0016380492111805571
675,fa1ef6dd-bc57-39ef-9126-494c0d1d4586,49.666294,90.289506,1,0.0,0.0006157206254792165
676,679dd593-7bb9-3cca-a922-0d2632829724,50.613534,92.400246,1,0.0,0.0003485211087618207
677,ab2a16a3-b526-3a92-b892-fe04c3e10563,48.822357,93.100667,1,0.0,5.22781663142731e-05
678,d96b51e0-0f0c-3a17-86b0-a1ec85fa94ba,49.90523,93.78401,1,0.0,0.0012953367875647669
679,99a95c22-4ec0-377c-ae74-8066d012f929,49.307911,95.44358,1,0.0,0.0003485211087618207
680,0dfa3dd0-383b-3ae7-a70b-12564d0959ee,49.72884,93.265929,1,0.0,0.0009293896233648552
681,3c5c28ae-2e21-3208-8c96-eb1bfa641a6f,49.374916,92.555358,1,0.0,0.0011036501777457654
682,d90486d7-95df-3e0a-acc3-3cbb3c2afb51,50.336785,91.607706,1,0.0,8.132159204442483e-05
683,e6cc0de5-bcd9-3ea8-bdaa-25a88f09de95,49.80143,92.06733,1,0.009708737864077669,0.0007202769581077628
684,0d1b8ada-2594-3f92-8f70-cb897bb96dd3,49.800104,92.067833,1,0.009708737864077669,0.0007377030135458537
685,4f414871-d1c1-3c07-8d32-f38a50b0d4e1,50.472045,93.41195,1,0.019417475728155338,0.0001045563326285462
686,4132bcee-b48c-37bc-b7d2-b5b2794049c2,50.472058,93.411954,1,0.019417475728155338,0.0001045563326285462
687,0a51864d-345c-308e-8458-f1aa812eb6e9,50.52,94.05,1,0.0,0.00011036501777457655
688,d8235d23-cd42-30dd-bbee-e861dae25a2a,50.098991,91.671391,1,0.0,0.00101071121540928
689,d74c741d-8f02-3625-a85f-fb28c8543a61,50.00345,92.0451,1,0.009708737864077669,0.01699040405213876
690,2e91a1da-9cb7-348f-a53c-bb1fa21b315c,49.99023,92.06295,1,0.04854368932038835,0.024228025744092566
691,a353754a-05fa-3761-929b-3e41e6de15f6,50.472058,93.411955,1,0.019417475728155338,0.0001045563326285462
692,f222d478-409f-3882-b552-0e2d5ee49da6,49.987181,92.07071,1,0.038834951456310676,0.027260159390320407
693,e7c344f4-e3fe-34cf-aeb8-80c377794688,49.976943,92.070907,1,0.038834951456310676,0.024373242872743325
694,a081f876-6092-33bd-89ef-cd0fb728e3ac,49.98448,92.06786,1,0.038834951456310676,0.02544204093961291
695,01f40df6-4794-34d8-8abb-faf338bbbff6,49.994066,92.073448,1,0.038834951456310676,0.02444294709449569
696,e0c7bee6-ebd8-3099-bbe8-6f2be5342442,49.279787,90.911308,1,0.0,0.0004646948116824276
697,d0b1a0cc-26ba-3e5c-9833-faa1b47aea1d,49.670295,93.774514,1,0.0,0.0004646948116824276
698,8a776e9e-3919-3312-b091-e58b8515e50c,49.402463,94.253447,1,0.0,0.0004530774413903669
699,10e2848f-2b47-3b9b-92aa-014bf9cba2f8,49.032632,92.036259,1,0.0,0.001062989381723553
700,4d445fb6-a015-3b21-8100-f4c4fcd23f9d,47.735516,96.855083,1,0.038834951456310676,0.05559492553265643
701,14b9d703-b429-3052-ad81-6f274d223976,49.107234,91.714855,1,0.0,0.0011559283440600386
702,a41a0ae3-8a4f-39ad-880a-857f68998c0f,49.270229,94.862315,1,0.0,0.0012488673063965241
703,59869698-7722-39d2-93ed-ec3dd2c4a573,46.015875,92.52048,1,0.0,0.0004298427008062455
704,6b7edf4b-7ef3-3e38-b85e-588133f10e5b,46.094465,91.544587,1,0.009708737864077669,0.0036478542717070564
705,8a75fd7d-4aad-3a47-9adc-298233de6993,46.09097,91.54548,1,0.009708737864077669,0.003473593717326146
706,11e6321e-f27b-3c9e-add5-bfc23e4992f4,48.17151,91.76944,1,0.009708737864077669,0.0001161737029206069
707,ccc7bfea-0490-3697-bc49-4344cca86432,46.937288,93.616815,1,0.0,0.0003485211087618207
708,e08ce1d0-69cf-3519-9f60-83204a9cc5ed,47.520866,91.627745,1,0.0,0.0009061548827807338
709,732cb8ed-ec0c-3573-970f-a24051c2f247,48.33316,92.632551,1,0.0,0.0007783638095680661
710,a19df0ea-1838-3f12-a179-fc62648e4563,48.00478,91.63939,1,0.06796116504854369,0.03818048746485746
711,49e6ef9f-22d1-3539-926f-9bfd44fa1941,48.00093,91.63149,1,0.06796116504854369,0.019279025999674713
712,9cf6a974-c85d-334d-9f3c-0bf04fa373c5,47.986791,91.649407,1,0.06796116504854369,0.07362508422593461
713,14bbc4dc-5583-3b5e-beb1-ea406d1012f9,47.991684,91.63333,1,0.06796116504854369,0.02324635795441344
714,d2305e06-6760-3cd9-bcd5-a1f48e6c04e2,48.00189,91.64277,1,0.06796116504854369,0.04677153279583633
715,5b853d26-3aae-35bc-9bc7-dc2df65e466b,48.00146,91.644947,1,0.06796116504854369,0.06411045795673691
716,198329b8-cd2d-3907-9eae-71e898308193,47.99817,91.63691,1,0.06796116504854369,0.04149143799809475
717,d52b7656-d2a4-3ecf-b639-4b0973bb978b,48.00643,91.64487,1,0.06796116504854369,0.058644485234322356
718,1ed83bea-ea7d-32bd-a231-5e1cd4f76f13,47.109311,92.842943,1,0.0,0.0012256325658124027
719,e881f3ab-25e7-3d0e-b380-8439edb59dce,47.421459,92.223349,1,0.0,0.0003833732196380027
720,e61b5eb8-56ef-3597-a441-b9ce783c35d6,48.234715,91.924623,1,0.0,0.0006621901066474593
721,389307f6-9a16-3019-a989-4ae5e8ea8b32,47.061683,91.8529,1,0.0,0.0021027440228629846
722,ce6fde76-bd38-37cb-bd7a-1dc3b3fcff32,46.691847,92.795799,1,0.0,0.001719370803224982
723,ff4d8ad8-3dd5-3f46-9370-7b87befbba25,48.172145,91.769112,1,0.009708737864077669,0.0001161737029206069
724,5455ccd6-90e0-3ada-b15e-b18fe7e76dd7,46.59168,93.268311,1,0.0,0.0012546759915425545
725,6b34f4a4-6875-385c-b0d4-83a15df3822e,47.665822,92.815393,1,0.009708737864077669,0.0006505727363553986
726,035bf2a6-3fcb-3e43-84cc-2c6b87454a6b,48.503943,91.449915,1,0.0,0.0005576337740189131
727,1533ddfd-c723-3019-af69-5741d2c0a18c,46.063175,92.03272,1,0.0,0.0006389553660633379
728,1777cefe-019f-310f-ae3d-557135c8f6ad,47.945451,111.499238,1,0.0,0.0008713027719045517
729,cd8cb918-f0b9-37b2-8e0c-144eeb846e25,47.781298,111.159252,1,0.009708737864077669,0.002898533887869142
730,fd7cc11b-bb77-342f-98d9-32c3f8ab3158,47.778952,111.155641,1,0.009708737864077669,0.0029217686284532633
731,338e7f56-09f3-321d-99fa-55f170cb2f30,48.692353,110.189398,1,0.0,0.0002323474058412138
732,c8d34b55-3102-30ee-95db-fdb675323163,48.553625,111.08398,1,0.0,0.0006273379957712772
733,90c8a129-c335-3fe9-ab69-f458cfa36b41,47.788177,112.112476,1,0.0,0.0008074072352982179
734,dc73b21f-72eb-33ad-be6f-adb5e27edafc,46.901594,109.761202,1,0.0,0.00042403401566021515
735,2e36feca-f4ca-37ce-a735-f5ebfa1222bf,47.102388,110.48592,1,0.0,0.0
736,76e7df50-4011-3954-8c00-0aeda27596cc,48.616148,110.604504,1,0.0,0.0013534236390250704
737,3606b67f-613c-3999-93ee-020b16ebded6,46.254959,109.425744,1,0.009708737864077669,0.01265712493320012
738,a051ca58-642e-3944-b654-f236c5bedee6,46.257032,109.4242,1,0.009708737864077669,0.012401542786774786
739,13aa0f14-760f-3953-880d-8cefd9fbf0ea,46.22556,110.84476,1,0.0,0.00027881688700945653
740,f624c2a5-1adb-3169-b48a-5b1e91797b4d,49.022243,111.623219,1,0.0,0.0002962429424475476
741,d411b92e-1ef5-363f-b7e9-e88a2bbfa299,46.628583,109.405225,1,0.0,0.0009468156788029462
742,41dbff62-2640-37d5-b708-99544d5b80f1,47.212058,108.740229,1,0.0,9.293896233648551e-05
743,7d2ea5ee-0533-3809-8402-219d3dde9de0,47.17893,109.186867,1,0.0,0.003003090220497688
744,fda33b12-f2ad-3078-b8c2-ca796f62a154,47.496296,109.469802,1,0.0,0.0027184646483422014
745,e39d4dfd-8f2e-3d81-b41e-243699a0d438,47.383037,110.318369,1,0.0,0.0006099119403331862
746,956bc873-2ba6-3ace-bc0c-d958ec072dc7,48.692722,111.993062,1,0.0,0.0013708496944631614
747,78c5d628-70aa-3f9b-a65f-ae7d2631ce15,47.322181,110.651996,1,0.019417475728155338,0.003287715792653175
748,52bd8fce-27e6-390e-85af-754a1572b49c,47.32049,110.65447,1,0.019417475728155338,0.00320639420060875
749,501141c7-3c38-3187-9332-fc15c3a85de0,47.32424,110.66621,1,0.02912621359223301,0.0032470549966309627
750,ecdda642-b16d-3650-81e3-047a998f1575,47.331557,110.680128,1,0.009708737864077669,0.002323474058412138
751,555fde9c-9e11-3453-b74b-24124b7c5652,47.50762,110.17339,1,0.0,0.0027707428146564743
752,78280cd2-59cf-36d9-88b1-d3b7cec19c27,47.743945,109.051904,1,0.0,0.0005692511443109738
753,df552a25-431d-3e60-99bb-37f6ed1839ed,47.887682,109.808522,1,0.0,0.0037988800855038455
754,49a41510-c326-32f4-a526-a7961717be6b,48.182431,110.307065,1,0.0,4.6469481168242754e-05
755,3f00eac0-3425-35a0-bc2f-20c47068f7e0,50.0758,100.0249,1,0.0,0.00035432979390785104
756,31e00549-68eb-3702-89a6-a451fcefa021,50.444394,100.165347,1,0.0,0.0029566207393294454
757,a3d757fc-0903-3651-bc6f-427a1a273047,49.909995,99.444359,1,0.0,0.0004298427008062455
758,026b2522-78d2-340f-be04-967640ceb41a,50.1029,98.582,1,0.0,4.6469481168242754e-05
759,8c9a480e-c38b-3133-a7b8-c13bf7b12279,49.503196,99.155924,1,0.0,0.0001568344989428193
760,bdb7c8a1-032f-3395-bc3c-191049d509ae,49.615088,99.589295,1,0.0,0.0009003461976347034
761,13653516-5e8f-3b54-98d8-39dd5a669efc,48.93732,100.153665,1,0.0,5.22781663142731e-05
762,aa782ae0-9628-3a56-be64-d9149483c87c,48.770546,99.873508,1,0.0,0.0025383954088152604
763,9e264283-af9f-3705-ad46-7ea114819469,48.582746,99.347199,1,0.0,0.004298427008062455
764,20c0aeff-60c8-3ddf-a2df-e3d3045d2e20,49.442573,101.471887,1,0.0,0.004281000952624364
765,a19dd033-4c34-342e-8649-6a7ac72617e4,49.640732,100.140838,1,0.06796116504854369,0.056890262320221194
766,ef264a89-5aeb-33d6-9860-80a313f166d6,49.639209,100.164151,1,0.07766990291262135,0.09417621227258997
767,a48ad655-8cc0-3b1d-98ff-7cebbe4aa935,49.62482,100.17165,1,0.06796116504854369,0.08900067380747693
768,baff479e-fc9d-3cba-aec1-725535d8d16a,49.6334,100.16328,1,0.07766990291262135,0.09843978716977625
769,48fbd4cf-17ca-3cf3-85f7-4c7d6679d14f,49.635179,100.156431,1,0.07766990291262135,0.09094077464625107
770,9c4512e7-bdb9-3b96-b3f8-48ca99cf455c,49.639715,100.160991,1,0.07766990291262135,0.09383349984897418
771,f177e9ea-1f9c-3731-8430-e452846aebc0,49.63735,100.16496,1,0.07766990291262135,0.09849206533609052
772,f59ed814-9f3f-3f75-92e8-c1c96f313122,49.63766,100.15621,1,0.07766990291262135,0.08839076186714376
773,0b722119-c099-3521-9341-c05700417dc9,49.63916,100.16309,1,0.07766990291262135,0.09312484026115848
774,e8c37708-9a10-35df-81d2-bab7096115a5,47.375737,103.948624,1,0.009708737864077669,0.005669276702525617
775,449eea14-211e-37ef-b38e-58a0f08a5bc8,51.107007,99.671537,1,0.0,0.001231441250958433
776,163e4599-dc78-3712-a09e-d127ac5aca04,49.780194,91.899916,1,0.0,0.0009119635679267641
777,8aaca4f6-78b1-39c0-9859-669138b62076,49.476229,100.889686,1,0.0,0.0032644810520690536
778,48bc3637-b755-3e78-9c77-7421b3c03c53,49.857928,100.627899,1,0.0,0.0012488673063965241
779,37d01ba4-cf71-3799-80f6-553a502562a2,49.299515,100.260588,1,0.0,0.0007899811798601268
780,9f86512e-8583-374d-af06-eb5c904a4d83,50.676437,99.222657,1,0.0,0.0016845186923488
781,829da77d-90b7-37ed-898b-34a9bce94e68,51.506689,100.662426,1,0.0,0.0014812147122377378
782,418fd0e2-e583-3a54-b85f-e376146b84d8,49.60145,98.693821,1,0.0,0.0016496665814726178
783,63989819-55a6-3f1f-8117-3ca43e7fa13b,50.537337,101.518191,1,0.0,0.0015625363042821626
784,967c5942-07f8-3ccf-be4e-20d71462e765,51.355154,99.350794,1,0.0,0.00013359975835869792
785,664ae717-186e-33e9-94f4-59fd77c072ea,49.524974,97.441721,1,0.0,4.6469481168242754e-05
786,453bb55e-655f-37f6-ab6f-94c241759dc9,49.3572,97.8206,1,0.0,8.132159204442483e-05
787,868f145d-9d1b-3d90-bc7f-b0d3667245d5,50.475165,100.931997,1,0.0,0.00026719951671739584
788,b54cbe3e-0b30-3216-bdec-b64887dbdfa1,48.947983,99.532728,1,0.0,0.001969144264504287
789,197931b4-9edf-358e-9b79-fdaa08ff9c0b,50.114072,101.585571,1,0.0,0.0012256325658124027
790,9333dd31-9bd6-306d-bdd0-106724a944fa,46.25999,102.77564,1,0.04854368932038835,0.08133320941471689
791,6fb6f375-42a8-351e-ba97-c7d8d159909b,46.267149,102.784857,1,0.04854368932038835,0.08268663305374195
792,de38abac-d596-3920-8eab-6c8a264911fa,46.26483,102.78321,1,0.04854368932038835,0.08343014475243384
793,9bb9c2f4-e407-33ee-b653-32d4fe5e2edf,46.26788,102.77598,1,0.04854368932038835,0.07648295731778154
794,b84a0685-ebb4-390a-ae5b-2581ad367573,46.263327,102.780562,1,0.04854368932038835,0.08378447454634169
795,2f370455-36c7-3585-8072-466bbf53609d,46.26594,102.78674,1,0.04854368932038835,0.08484165524291921
796,c253d06a-6611-315e-9dfe-60525bd6b535,45.175815,101.417225,1,0.0,0.0007493203838379144
797,6b7074a1-1f8d-3df8-b92a-aebffb3dc426,46.818417,102.245291,1,0.0,0.004734078394014731
798,f03af8f8-a919-3f23-ae2f-de8d5716dea2,46.498644,104.116853,1,0.0,0.0009351983085108855
799,4788218f-8ef8-313d-bbda-ab93372d539e,45.812056,103.447311,1,0.0,0.0004821208671205186
800,c13fabef-3895-3bbb-ad14-dbfb0deaed12,44.671264,102.174687,1,0.0,0.0005750598294570041
801,4bb47d6b-cb31-3644-8778-9374960f27f4,46.982943,103.781249,1,0.0,0.00033690373846976
802,c475d4db-79f2-3290-804a-e35f8739876c,45.463769,102.41923,1,0.0,5.808685146030345e-05
803,b531983a-116c-3f3a-a2bf-28d08d53aaf6,46.760106,103.516392,1,0.0,8.713027719045517e-05
804,cddca71a-708c-304e-828e-4dc9400b5108,46.520872,102.594654,1,0.0,0.0008480680313204303
805,43f6d257-6676-3d11-b410-557c92e73b54,45.701804,101.575899,1,0.009708737864077669,0.00024396477613327448
806,c16a2085-801b-355c-9d44-71ef4bd0f2b4,45.70029,101.57472,1,0.009708737864077669,0.00024396477613327448
807,37e2384f-c2bf-3d61-b327-bb93c6b3f3e5,46.090545,103.839114,1,0.0,0.0005460164037268524
808,185f38aa-8d61-3234-b703-62c158d8e367,45.90932,102.700952,1,0.0,2.9043425730151723e-05
809,47d92db8-c2ed-3b7c-8165-0991a84d80dc,46.301771,102.447523,1,0.0,8.713027719045517e-05
810,9f05ed7d-73b3-3037-bd69-99841266b125,45.540348,102.99418,1,0.0,0.0006621901066474593
811,7cc5219f-06c9-30de-8041-ccec5d3ef977,46.286595,101.716725,1,0.0,0.0002207300355491531
812,3186bd80-c735-36cb-ab8d-e523f953d216,46.461305,102.269454,1,0.0,0.005088408187922582
813,e7036cda-92dc-3399-8dc7-8e87a0b24a87,49.286595,101.716726,1,0.0,4.0660796022212414e-05
814,3d96246e-8764-3006-adb2-1ce3e1a92acc,45.962303,102.060408,1,0.0,0.0005576337740189131
815,60e2cdac-0cf1-3e28-981b-6c38b34b626c,47.19458,102.82234,1,0.02912621359223301,0.019116382815585864
816,2f57d2dd-1ee2-3f79-b7bc-b3e748bd1764,47.19826,102.827998,1,0.02912621359223301,0.02007481586468087
817,0659fce4-1f7a-3adb-b7b4-6e51c9127135,47.198537,102.827474,1,0.02912621359223301,0.02007481586468087
818,bc87a7c1-7ba6-36c8-99f6-e0439266adc6,47.195599,102.818913,1,0.02912621359223301,0.01886660935430656
819,737c8110-1097-3b22-850b-d63d7a41ab07,46.899526,102.763786,1,0.0,0.0052975208531796745
820,1ea57452-b34e-3480-83bf-aa13c6a4117e,46.610898,103.549335,1,0.0,0.00033690373846976
821,c060f17d-2d3d-361b-b6de-e8bb397cc614,42.969931,106.119032,1,0.0,0.00019168660981900136
822,c7dcfe66-a233-3938-aa50-7175a75bb2a1,43.465463,103.509707,1,0.0,0.00025558214642533515
823,1385acef-fa2b-3858-8a92-d380d1d062d5,44.095923,103.541526,1,0.0,0.000859685401612491
824,e2df662f-673f-3016-b9e9-701d872bf6ec,43.229767,101.046055,1,0.0,0.0003949905899300634
825,bbea8f89-2bab-3bda-b601-0b85bcfaf7f6,43.57296,104.42032,1,0.04854368932038835,0.06641069727456493
826,6548b03e-b785-3136-a14a-f715ccb304e5,43.57232,104.422895,1,0.04854368932038835,0.06561490740955878
827,b113fafc-3c8f-3388-b7fd-93de5d390305,43.57497,104.42824,1,0.04854368932038835,0.06476103069309232
828,07115d37-bc1e-35fd-b067-50648cec94e3,43.57026,104.4234,1,0.04854368932038835,0.06637584516368875
829,21c5bc08-81cb-3a09-a123-e6934a4dc47f,43.5634,104.4118,1,0.04854368932038835,0.05646041961941495
830,4b8840ad-dbfc-3b86-a31c-54074e6c0f6b,43.58395,104.42388,1,0.04854368932038835,0.058417946513627174
831,4bcc4dcd-7656-3d86-8f9c-9787b89e8a97,44.652547,104.058878,1,0.0,0.0015973884151583447
832,6520503d-f716-39ef-9947-7d134bab0c71,44.082655,106.869304,1,0.009708737864077669,0.0005576337740189131
833,35714e00-d1c4-338c-928c-0ff53f861f88,44.082655,106.869304,1,0.009708737864077669,0.0005576337740189131
834,4246522d-1482-3fa1-8ab7-33d17540a285,43.148775,102.126092,1,0.0,0.00015102581379678896
835,37839179-0f39-39df-b8c3-994d42b4f383,43.587946,102.187166,1,0.0,0.00027881688700945653
836,54224bbe-87d0-33d4-bf64-7cf6cdd1219c,43.199978,107.199185,1,0.009708737864077669,0.002950812054183415
837,a76d4acc-6f49-3b08-bd54-91d216d3ec8b,43.195214,107.19808,1,0.009708737864077669,0.0028346383512628083
838,17770bff-ee00-3591-bb03-0115fd20d6f9,43.781993,104.479269,1,0.0,6.970422175236413e-05
839,378f04d3-97ef-3197-bda8-737da9a33e0a,43.304828,104.072309,1,0.0,0.00027881688700945653
840,0ba6d427-258b-31ef-a4a9-7633362e3544,44.421376,105.320789,1,0.0,0.0014231278607774345
841,90c156f8-112a-3958-813e-a4d184b56265,43.726287,105.574763,1,0.009708737864077669,0.0045772438950719115
842,4ab0ad6f-fe75-365b-8e4f-7da3fedcfb6d,43.729644,105.572945,1,0.009708737864077669,0.004426218081275123
