,giga_id_school,latitude,longitude,bin_internet_availability,norm_rwi
0,330be1f2-316e-32b8-8602-c556dedc70a3,-20.2066273,25.2350806,1,0.34027346177750156
1,e923393a-1ee5-3b21-b85b-7fc59d36c671,-24.9947434,25.3152243,1,0.8017402113113735
2,64218c54-b80e-3910-b5ee-aa9b92815d0b,-24.9859972,25.6978741,1,0.36016159105034184
3,185bafe0-8d87-3a75-b70e-ae9bb5935d15,-24.622995,25.8626712,0,0.9223119950279677
4,0202c1c2-9a57-3360-b30e-352d9ba76fa3,-25.7576782,25.2168433,0,0.19297700435052828
5,0c3ac86e-2dbb-33d6-b0db-3e1600e8fd91,-20.1328199,27.2186993,0,0.30236171535114975
6,dc63e0fd-7194-3609-ae2f-5522b6f408ed,-24.6748963,25.4556447,1,0.3337476693598508
7,76098c42-2150-3461-a915-78365ecdc298,-20.2066273,25.2350806,0,0.34027346177750156
8,8e1157cc-26ef-3ea4-89bd-e4d419ed8cea,-24.9947434,25.3152243,1,0.8017402113113735
9,3b7fb29a-6e1f-3e73-8d19-447868c505aa,-24.6538453,25.9136956,1,0.795835922933499
10,4996e57e-73ad-3293-89bd-71e154c6cff7,-24.6538453,25.9136956,0,0.795835922933499
11,e40d4fde-c8b9-3127-baca-7183487adb74,-20.2066273,25.2350806,0,0.34027346177750156
12,ae8cfb5e-5843-38d2-a4f4-f907b341dec4,-25.7576782,25.2168433,0,0.19297700435052828
13,04be441d-bafc-3772-b525-0491e88cb0db,-24.9859972,25.6978741,0,0.36016159105034184
14,7c888d2e-4bbe-3c36-a241-903b983151f3,-20.1328199,27.2186993,0,0.30236171535114975
15,1e53827b-e461-3aa3-9c7f-d317577c8b12,-24.6447436,25.847013,0,0.7778123057799876
16,a749b574-f849-3b95-8ebb-9cefe5be0fbb,-24.6543768,25.560257,0,0.7513983840894967
17,deb33736-7170-336a-9e60-54a6a7849fc7,-24.6748963,25.4556447,0,0.3337476693598508
18,7dd4b992-cc24-371b-811e-54a2607d8761,-24.6447436,25.847013,0,0.7778123057799876
19,1856e0cb-66c9-3af9-a74e-9a53a5e64213,-24.622995,25.8626712,0,0.9223119950279677
20,aa5c2c26-383c-3f25-b027-65e12aeff067,-24.5547355,25.373073,0,0.3934120571783717
21,f16fe10e-3831-3e7f-848a-6e34bd7d8c3e,-24.4147381,25.364799,0,0.43039154754505904
22,61d13d89-3483-3257-b367-64bc4f710900,-24.6770331,25.9544492,0,1.0
23,e59b5c6c-14d6-3d88-a636-363776025536,-21.9732006,28.4178865,1,0.5130515848353014
24,b5639dbc-2917-3b84-b8e9-aead8d0d6200,-26.6624954,21.9287096,1,0.4738968303293971
25,1d9c006e-4c2e-31f1-b2e3-464e3e3722a0,-26.8948576,20.6877527,1,0.4036668738346799
26,e4687376-d655-37c1-8fa2-873bbe51e9ec,-24.6718514,25.9157234,1,0.7265382224984462
27,1491a262-5c03-3dc7-b06a-c68404c4bf31,-24.3882364,25.5075556,0,0.7392790553138595
28,5fa573ac-c71a-3b7e-828b-92ece1c9e19b,-25.6198242,25.4923482,0,0.30795525170913607
29,bb19deb6-5acc-3ec2-badb-359ea858958e,-20.5486285,22.7488737,0,0.2234307022995649
30,2778b4a9-a346-3cba-af24-d8c911d6c997,-20.6835432,27.6909756,0,0.27408328154133
31,b3ecb7f9-ae7c-34b0-97da-3945a921b666,-24.6669355,25.9388931,0,0.7010565568676197
32,03e684f0-b867-362d-8256-a38412fe5e00,-24.4001031,25.5063903,1,0.7392790553138595
33,202be36e-7155-348e-995e-2717a136cd3f,-22.1754,27.2502913,1,0.37849596022374143
34,187dea42-e853-3fdc-aad7-3430345ec620,-18.7096469,21.4382753,0,0.18116842759477936
35,7a03e9bf-7f77-3594-9541-6ebe3e213d69,-20.221422,27.2593993,0,0.2600994406463642
36,7a526816-0563-3e79-86b1-a87a5306a55e,-25.3453187,25.561364,1,0.32349285270354255
37,8f41a764-fb0a-3b98-bd6a-f4d572574d55,-25.369884,25.6309867,0,0.23213175885643253
38,932e8782-99bc-3e5c-9dcf-77adb4bee87d,-23.9776625,23.8871255,0,0.5077688004972032
39,bb3ce4a0-bd30-3644-aeff-37cbf830a981,-26.7136142,21.7672763,1,0.3617153511497824
40,3492da51-e5ef-3d01-a183-e94e0e786042,-20.5610513,27.3925746,0,0.34773151025481663
41,5d00752e-010c-33df-ac79-ba8cfdd5d4ec,-21.7029027,21.641446,1,0.6016159105034182
42,d3c68f70-8ad0-3d14-85cb-bcfe3d1283f7,-25.3874522,25.4991433,0,0.4431323803604723
43,8541a306-b0ec-3c5c-a4f1-0282e252d179,-21.8166259,28.7658234,0,0.6805469235550031
44,149e9ffb-a205-337e-a0e5-2492efbe456b,-24.675065,25.542373,1,0.7392790553138595
45,453bb354-c81c-33e2-9d82-277dadeb4f6c,-25.4756456,25.4405959,1,0.6507147296457426
46,862263d5-9a8b-3586-8c4c-6bcd4345b6ad,-22.7277115,27.4239327,0,0.3259788688626476
47,71ab5b26-d191-3718-98f0-aa66a12fa8aa,-20.510964,27.1957523,1,0.26880049720323185
48,d1ec8070-9235-3b59-904f-b907342c0a83,-20.863318,27.2267603,0,0.6382846488502175
49,e74637ca-99a7-3ecb-81b4-edf60c6d1ec2,-19.3876839,22.1608243,0,0.6957737725295214
50,8ef3918d-9d56-3dca-8b68-c2b435d49ef8,-25.2320338,25.6796622,1,0.7663144810441268
51,436860a4-1760-3d69-afa9-3f566dc45e0b,-24.4181616,26.1391837,0,0.7538844002486017
52,f486434a-2913-3cf7-ace1-93430ad434c8,-20.5710053,27.7073987,0,0.4213797389683033
53,bf5f6c9c-0de0-3330-b22a-ab6f49b7b2a6,-20.9540029,27.6802344,0,0.38377874456183964
54,43f0c60a-2b99-33e5-a141-97ab65cd1166,-18.1512069,24.5012343,0,0.4804226227470478
55,67485d34-01eb-3d4c-a04d-8eba18ecd5be,-20.6333525,27.29161,0,0.2768800497203232
56,9f41bd2c-edb1-3b8f-9c43-62465972914d,-22.8666261,26.4824904,0,0.34369173399627095
57,2672784e-151b-3394-b2c3-b3f3e00ba213,-22.1538775,20.8642167,1,0.44623990055935364
58,b02bd5f2-ea9b-364e-9068-923f4e522b1b,-22.192081,20.3172473,1,0.2389683032939714
59,629e96ca-3ac5-310a-b373-f40bb3fc4975,-23.6684061,22.7866803,1,0.5270354257302672
60,eeac5869-e821-3acd-abc7-bde30b144786,-22.0916005,20.6169677,1,0.5307644499689248
61,99448ca1-ba62-39cd-8f10-ff924414e552,-17.8000307,25.1492822,1,0.6939092604101925
62,f8965ccf-6d8d-3ce1-9e5b-90383c6370d4,-18.0751924,24.5852467,0,0.42945929148539463
63,b2afe33d-cbff-3530-a9b2-d1b5c55b11be,-17.7957137,25.2332828,1,0.7262274704785581
64,40c9aae4-032f-3389-accb-f07903681faa,-24.400511,25.5211707,0,0.7697327532628961
65,f7a1dd72-0f91-3a5c-8f20-f59f78d0d6da,-24.418565,26.1382433,0,0.7538844002486017
66,3635f6f9-7bd5-3b58-b49c-7b893dde793f,-22.384409,27.5622963,0,0.4039776258545681
67,0a11a8b8-0a4e-32d2-a576-cba7d3d4902c,-23.0396266,26.4695155,0,0.3349906774394033
68,9c0c3314-517a-39a1-a613-fb32499bdfee,-24.7004231,23.5051853,1,0.39372280919825975
69,02307f97-f9b8-3ed6-bf46-e9f3babc44f0,-22.3962159,26.707145,1,0.853325046612803
70,60742348-bc92-35d0-80bb-94d80196edfc,-23.884328,24.7481761,0,0.37352392790553135
71,838f1d60-51ae-3c7e-b8f3-a16494ed7319,-26.6583942,21.8380243,1,0.3722809198259789
72,5fda22ed-df7e-3c14-b766-fdf3b0c25355,-20.473418,24.5118263,0,0.4481044126786824
73,e760effc-dc5b-3fe6-8f7f-07ef93185b84,-22.992894,20.1928903,1,0.23617153511497826
74,5dd1f9ca-0722-313c-b625-61c9751a94f9,-26.6438322,21.9940283,1,0.3915475450590429
75,a3c9b90a-e567-32d4-bb3b-5e438dd7efe0,-24.6644622,25.6977254,1,0.4838408949658173
76,6ad199b0-7dce-3177-aff8-ca3a8bf02a50,-24.4007786,26.1565014,0,0.7638284648850218
77,a684c702-f434-3ea5-b4cc-f4bd27b0da94,-22.6646603,27.2231608,0,0.4683032939714108
78,1f31d1d0-d15a-350e-bd11-d8ffcef1d131,-23.9143871,21.8323153,1,0.5658794282162833
79,d6256f86-6e62-3f9c-8f18-425152e4d8bf,-22.2067755,29.0366107,0,0.38160348042262277
80,1ff31a58-44d9-3e44-a48a-a6bae642945a,-24.2583176,25.8517472,1,0.6740211311373524
81,85ddc940-9d85-3c19-b133-f93b70dab59d,-23.3599082,25.8355104,0,0.17464263517712864
82,a83e6b83-00af-33ff-9ef3-f4f0b91f532a,-25.75732,25.2028639,0,0.19297700435052828
83,9f4729e5-30a9-35ab-88a0-98aa04f2f442,-22.786835,27.7579043,1,0.5668116842759477
84,52ad21b7-a047-3f71-977a-628ba9f5a81f,-24.6641556,25.9183712,0,0.795835922933499
85,a7593a10-df4a-3154-9f2e-fe64fdc88bc2,-22.5195308,27.5368708,0,0.30329397141081416
86,0e5eae3a-584a-3764-923c-94fedc308510,-23.8404895,26.4510287,0,0.3399627097576134
87,6d891f9d-c1fd-3171-9c95-4220c763f300,-24.1022323,25.0299278,0,0.5742697327532629
88,dd236218-5756-3734-88cc-944c2e8550ff,-24.6045811,26.4378743,1,0.49471721566190185
89,507a3877-17df-3fa5-b02b-8f998f0a66f5,-20.6680668,27.4123647,0,0.3840894965817278
90,90d37b40-15fc-31db-94b6-816d2a14e6e8,-19.982701,23.4276448,0,0.6243008079552517
91,d439f5d1-bedc-3569-9477-fe16f9bedb8d,-24.4752459,25.8984849,1,0.8154133001864511
92,03141b8c-8bf3-341d-813d-e7fa85400cf0,-24.3918072,26.145049,1,0.723741454319453
93,7bfc59e6-1b6f-3b8a-9659-d5b0d266780f,-24.1138191,21.7800063,1,0.29676817899316343
94,69004a0e-247c-34a6-b019-2c6d2fe860b0,-22.856463,27.2959413,0,0.24394033561218145
95,ddab56da-adcb-3e38-80f2-57ae82c7b0d9,-24.6018421,26.4317123,1,0.1668738346799254
96,3d14e12f-ef9f-3404-85ab-331db2937835,-17.9865549,24.6460543,0,0.42604101926662524
97,018daf63-fd5e-373f-881c-a9c3f2d83d82,-25.7679479,24.5620606,0,0.35705407085146057
98,59c9f78a-642a-3287-ae47-3b2de5e08745,-24.3935527,23.5799109,1,0.608141702921069
99,07971d11-b5f2-3c95-8d80-04e91f2c2f6c,-20.299987,27.1336393,0,0.29987569919204476
100,9a37c3dd-1273-38d1-8d08-96b3ef282cc2,-21.4495258,27.4724405,0,0.6215040397762586
101,170ba0f1-a283-3435-aff5-ee4e9a538e67,-21.971823,28.4139273,0,0.5130515848353014
102,f3995fb9-8220-38bd-be32-e5d3863720ca,-24.6651011,25.5436823,0,0.5960223741454319
103,28ac6db2-2567-3dd1-a019-0d23ae4a9227,-20.4991725,27.0653757,1,0.5801740211311374
104,0c9f778f-f34c-3ced-8467-08ba6f8dbff9,-25.4431466,25.291599,0,0.3359229334990677
105,71944b5f-73f3-3605-89e0-05f83cbdb0e5,-23.1020562,26.8341977,1,0.6246115599751397
106,957d81cb-88f2-365a-8763-2bb2abdb5871,-24.9761326,25.3341227,0,0.8405842137973897
107,408a6591-40c2-3810-9a67-648ec9a00a74,-24.9945837,25.3152243,1,0.8017402113113735
108,757d1fdc-fdcb-35f6-bbc9-824be254a14b,-20.3265983,23.8788747,0,0.4269732753262896
109,c4c1ce40-913b-3498-9a4a-0ecd4ac7f192,-20.8999794,27.2745782,0,0.26817899316345556
110,96651c8a-ecf4-3834-b655-847053e6b521,-25.3357161,22.9776933,1,0.2613424487259167
111,49189d33-32e4-3783-bdc9-af87f866341a,-22.389493,20.1184173,1,0.2541951522684897
112,b8a62d7b-fc13-3ea5-888f-e9699f48f5e6,-20.676647,27.1230473,0,0.3766314481044127
113,a84b2924-a332-30c8-aa99-40f28bee271e,-20.79722,27.3272513,0,0.3865755127408328
114,2e6ee71f-cbd5-3d27-be82-237e3f4c11f4,-22.718381,27.4775123,0,0.21752641392169048
115,2c49ab13-f010-35b0-b865-cec16c62fc76,-24.7726636,25.5929949,1,0.6103169670602859
116,3c830c62-048a-322b-af65-cbd1aba89680,-20.514598,27.0551423,0,0.47016780609073955
117,2efd1e49-74bd-3447-8286-e63b93869902,-20.5365266,27.5887404,0,0.3520820385332505
118,619c0b2c-e0c8-34ab-ba44-619b2b06b9b0,-25.6574941,25.4044523,1,0.43598508390304536
119,737ac2ca-c35c-3261-81fb-5e8cab51fcda,-21.44227,27.4582683,1,0.6758856432566811
120,cfe25b93-d518-310d-8540-ade869eed198,-20.7984745,27.2655287,0,0.37352392790553135
121,2e860531-53cd-35c9-9c11-cba8496be703,-20.62082,27.4441145,0,0.4266625233064015
122,bd0a1473-22b1-3010-87de-373eb9060e43,-22.5843706,27.6445488,0,0.646674953387197
123,2e47dd2f-d3d5-332b-bd8d-ea68b2e8a317,-24.540967,26.0371963,1,0.44220012430080796
124,50abb2eb-1a3d-3708-877a-9dfb94f5e1e8,-20.99652,27.3383373,1,0.603480422622747
125,d89fad37-2504-391c-82fe-1471b6888eaf,-23.1122761,27.5659823,0,0.37321317588564323
126,00cd30e4-e2bd-32da-a7f1-a43238131a5a,-22.718298,27.3113233,0,0.31727781230577995
127,c56a69b2-5d23-3d8f-af8e-2fac8c72249a,-21.297264,27.8830673,0,0.4129894344313238
128,1018c4aa-c81e-3563-b600-75ec3a73eb35,-20.835264,26.6769063,0,0.3548788067122436
129,ed532440-9ae9-3c50-ac3e-8f69ef924313,-22.5987112,27.6250751,0,0.4083281541330019
130,2cfb1ad3-1f2c-34ce-ab52-963f68369d21,-21.864873,27.7482053,1,0.7050963331261654
131,7243c1e3-4071-3feb-9763-79535cf24d80,-25.3129467,25.2705668,0,0.42106898694841516
132,bd38458f-8b44-3f1e-8b43-d109283f035b,-21.149615,25.6582973,0,0.39216904909881917
133,b531bb77-6c4b-3d1c-ab63-542de58d539b,-24.7247933,25.644935,1,0.5242386575512741
134,fba367f5-f794-3b9e-8358-0b0a466d45e7,-23.2973941,27.2767933,0,0.4956494717215662
135,29b6a295-6a64-3b03-88af-da3d2bf8e9a2,-23.0444023,26.5760132,0,0.4937849596022374
136,75f1eba0-c1e9-32d0-bea3-8e7197d310cd,-24.6257212,26.1223733,1,0.6578620261031697
137,bff47383-9516-386f-997c-509156cce41e,-24.9061798,25.2319352,1,0.16873834679925417
138,37198387-824f-3699-bc19-0449d1225983,-22.681061,27.6123163,0,0.2650714729645743
139,a261e277-c958-3f61-8ffa-3bd24c3eef44,-22.323602,27.8247963,0,0.37259167184586695
140,69a0d95a-e42c-3a07-bbac-150ae072a8a4,-22.375597,27.5912113,0,0.34027346177750156
141,9cfd111e-2657-31c0-9e16-1eb89088647f,-22.4337378,26.5616493,1,0.31852082038533247
142,9c1dc7a5-2da5-3048-8f85-80bc262036d1,-23.139833,26.9629627,0,0.3878185208203853
143,ad27df55-e661-322e-a8bb-279b9407eafa,-22.634903,26.4069183,1,0.42728402734617776
144,8c8a53bf-7c5a-3891-971a-54b2d414830c,-24.9830774,25.352363,0,0.8405842137973897
145,0cc34b1c-c76c-3901-91dd-88cb51c2df23,-24.8752264,25.8688599,1,0.7834058421379739
146,988b9c2e-aa62-3978-876c-c7f4844192ca,-21.262027,24.9481573,0,0.3545680546923555
147,7b2a9b91-dba3-34d8-9333-24038c945c3b,-22.063689,28.5958113,0,0.3356121814791796
148,eac69e4f-afc0-332a-b5aa-884aca7c023a,-25.2010315,25.5529386,1,0.3091982597886886
149,59e74e36-a949-3402-93f9-6d050f262700,-22.7523567,27.631166,0,0.35425730267246736
150,e28661a9-702e-374c-b82b-6485682aa30a,-23.6844725,26.6589497,1,0.30515848353014297
151,874657c0-9602-3c4b-a84b-c1a2dc1a9da0,-19.9934843,23.4197456,1,0.5876320696084525
152,6641d0c7-ba45-30aa-907c-cd6f53da1340,-20.5332737,27.6500964,0,0.40149160969546305
153,6a19b472-38ae-3e00-bbf1-f06d7582b677,-24.7781213,25.4071981,0,0.581727781230578
154,36740336-da4f-3f2b-bd6e-bd72140cb4ec,-23.9912261,21.7655543,1,0.39869484151646983
155,b1501483-ca4c-37a9-ae57-edb9366b06cb,-20.622181,27.5162533,0,0.44064636420136727
156,343afdd9-fc3f-3ef6-93e7-40f1cae6f8ff,-22.9372098,26.36178,1,0.40553138595400867
157,52674d7b-8f33-3fab-8ca3-100d8f9592b6,-21.210857,26.0199903,0,0.2756370416407707
158,22f7ff11-276e-3e25-8be3-218ec274f4a9,-20.217667,24.1298563,1,0.47234307022995653
159,af1afcd4-97d8-31d9-813e-e5fb0d230a8c,-24.990015,25.3457387,0,0.5963331261653201
160,2a53820c-e561-3585-8c8c-c0595143f39e,-20.559697,27.1163663,0,0.23337476693598505
161,6a86f2d2-44d2-363d-b6f9-b10d32fc0295,-20.2087389,26.158696,1,0.8026724673710379
162,98d7f916-52a2-3522-864f-491394c87cd5,-23.1351841,20.2843723,1,0.44996892479801115
163,fe5b7d9c-7d47-302d-ac6c-385a2df7d1fc,-24.4093226,25.5282637,1,0.6867619639527657
164,38899e51-9651-3f0a-81f5-3ea05b28d012,-22.42962,20.6532443,1,0.12367930391547542
165,91d2dc79-3552-33e3-be8e-0c264451cd24,-22.4230153,26.741622,1,0.5932256059664387
166,7306bab1-784a-3888-aff4-feed3783f8eb,-20.3005557,27.1331519,0,0.29987569919204476
167,a2de9b55-a5ff-3e4a-ba2d-801d3c7e9721,-20.515492,27.5171233,0,0.35301429459291483
168,594d49e1-a49c-3692-a25e-c8217539ac6b,-19.6618909,22.1914703,0,0.47016780609073955
169,e6084074-567f-3f6a-9c85-7c3bcd7d77d2,-20.7899025,27.1846157,1,0.3868862647607209
170,2fdba3d5-a026-3d27-9027-c8f30daa0ff7,-24.9603373,25.5875989,0,0.4220012430080795
171,1add6ff9-82dd-377a-b148-8efcfce93b62,-21.2005985,27.4774296,1,0.6824114356743318
172,9276a8ef-4c40-3208-b25f-67743dbe18a1,-24.1879321,26.8619413,0,0.3638906152889994
173,b24f712d-6b28-31cd-9278-fc2612b06ede,-25.7605232,22.5665123,1,0.2700435052827843
174,d490cb21-c311-3968-aee1-b650a0f0d2ed,-24.5720391,26.0353483,1,0.6333126165320074
175,5a1815c0-c8b9-38de-a607-37044013a5c4,-25.0388502,25.7474947,1,0.4894344313238036
176,08ee50f6-3f23-3e37-82dc-6b6886991ffa,-24.438344,26.0755873,0,0.6298943443132381
177,97fb0816-9d1c-3e91-b425-e9ee067784c2,-21.1743826,27.4997986,1,0.6469857054070851
178,26a02e53-2dd5-3726-8f0a-9a5d4b8c9ee6,-22.2731276,26.7888145,0,0.44903666873834674
179,0548d271-42e9-3fcd-8f82-c46831b59d9b,-23.4037058,26.6933067,0,0.3256681168427595
180,8cd6aece-9ebe-31f7-8f4d-b3960d5d83a9,-22.5513107,27.1312995,1,0.78402734617775
181,0c4d222c-0984-31c5-8d62-fc15c642605f,-18.5346059,25.6590823,0,0.5416407706650093
182,910eb553-c683-3f7a-8eeb-700419b2537f,-18.0393722,24.3126354,0,0.3356121814791796
183,eb9c5b28-5419-3729-b2a5-972447cabd4b,-21.87196,27.7489353,1,0.7050963331261654
184,d286c0bd-1c2c-30d9-b738-484b8701ab34,-25.7388494,25.0944526,0,0.531075201988813
185,56ab14a6-b64d-3b47-a8d8-aba7273510b1,-24.9716401,25.3382483,1,0.8405842137973897
186,00029c04-894d-36cf-ba50-39b1ae4f80b9,-24.4283271,26.0099963,0,0.49658172778123055
187,0c72e19b-7cea-327c-9f70-c689235e5c3f,-25.6344778,25.5409035,0,0.35083903045369796
188,24b0177b-354c-36f0-bc3f-c59beb29328b,-24.4366526,26.0608487,0,0.6298943443132381
189,7d0788e5-1652-3712-867f-78339d2d3df3,-22.8669018,27.4147232,1,0.5130515848353014
190,d95d1976-8b26-3c66-9841-54df5a13c72a,-24.914794,25.4629826,0,0.351149782473586
191,b3490a77-0150-3360-b51b-992dbfb38590,-24.5459106,26.4730997,0,0.454319453076445
192,3e54fbe6-c0b1-3599-96e2-73b95a4ce51c,-26.8223907,20.816321,1,0.40584213797389684
193,e8c66366-be2a-3d9e-b487-6a681cebc190,-24.3738499,26.080615,0,0.6727781230577999
194,cf88ee1d-a9fc-3c4d-b3c6-92ddab9f945a,-22.722667,27.573336,0,0.5220633934120572
195,65b7e724-4455-388e-9e89-a788c5b0312e,-21.4287119,27.453745,0,0.7448725916718459
196,fc17855d-34ae-3018-ad58-69eae31de03b,-22.4036831,26.7120894,1,0.853325046612803
197,8c967543-7a2a-3ca6-8337-709f89995470,-18.0133549,24.4045543,0,0.3356121814791796
198,33e25ab7-c9b2-3fc1-8331-eae3c8e28be4,-21.1876764,27.533953,1,0.8095090118085767
199,fe0a95f1-ffa8-314c-bef1-73bec998d040,-24.4105407,25.5112405,1,0.6867619639527657
200,ea8a8524-1c7f-370e-b594-9426efe49183,-22.5373979,27.1397274,0,0.5453697949036669
201,e5001d8c-e513-339c-82fd-66b377c7e001,-20.8215665,27.2146327,0,0.6410814170292106
202,dba21803-4bec-38ff-9df8-b7a3d5f7db79,-20.7537325,27.3568257,0,0.28185208203853324
203,3b1fd8f2-29ba-35ce-b6da-f48442e8c4ec,-23.0237121,27.5276613,1,0.7324425108763207
204,1cc7e76b-4bd3-3b06-a6cd-450666862289,-22.1917747,27.944927,1,0.3001864512119329
205,0fb9065a-c041-380d-b82b-c86d3f93ad85,-24.3751826,26.1577217,1,0.7137973896830329
206,a9dccc16-29fb-3d88-b966-38127a674316,-24.9870441,25.3367523,1,0.5963331261653201
207,bdf1f4ed-4af3-356f-9c24-39b2fb42af02,-20.480582,22.6993573,0,0.47949036668738343
208,9c9f6975-e65b-3d88-b314-0c9112dd1c60,-20.5385444,27.3207755,0,0.3853325046612803
209,59cc4deb-8f1b-314c-8318-ee76bf356d53,-22.887802,27.5096453,0,0.2165941578620261
210,7e5ab178-fe06-398c-b6ac-79b9023868fb,-20.486651,27.0009993,1,0.4238657551274083
211,2e69ea33-5748-3496-99d6-0bc0a8d2f86a,-21.8784025,28.8283267,0,0.2507768800497203
212,cd71a71f-b989-33b8-a7dc-d3cf4fc40408,-20.3228409,27.1287,0,0.4844623990055935
213,522ae2e1-fc0c-3e92-897a-2c062f87d244,-20.7663196,27.6874718,0,0.2032318210068365
214,0ee165ba-47b1-3e1d-b934-ce622cc94155,-22.655632,27.6890443,0,0.24549409571162212
215,1a448eab-e13d-3abf-afe0-f768c3a91860,-18.7342309,22.1771853,0,0.5189558732131758
216,ec517b3e-95a5-3db8-9da4-2d9d14ed5e8b,-18.8159839,22.4136883,0,0.4906774394033561
217,f35e9740-7711-3f37-af3b-b6d95161e049,-22.3894337,26.7061287,1,0.6982597886886265
218,e402574c-bb23-306f-a7f3-fbbf0e7551b5,-21.919123,27.2983143,0,0.4679925419515227
219,8ca2ce6c-13ea-3fc4-8e6c-d7a105ecf744,-18.3896039,21.8428403,0,0.4117464263517713
220,110be636-54be-3c9c-86fd-a94d0c98cfa4,-19.7654865,23.6686257,0,0.4574269732753263
221,e3b117ec-ec00-34d8-8ac7-53099f7620cd,-23.0302601,26.5200218,1,0.8589185829707894
222,979c2daf-dae8-3ebc-9f1c-a099a599cd1b,-24.6299501,26.4035223,0,0.4213797389683033
223,30e79005-4983-3ec5-9b3f-f4f9a3461755,-22.407336,26.7030903,0,0.853325046612803
224,018ad9ef-0f73-35f4-8698-a3e61d954fe1,-20.8587562,27.6733385,0,0.3617153511497824
225,70a3cbb4-f166-32dc-9625-df0209823f9c,-24.8483496,25.8274547,0,0.4415786202610316
226,8320d8be-504c-3128-8015-cedb2c54bf5f,-24.8679091,25.8698094,0,0.7834058421379739
227,c698337a-f281-38d5-8c90-1d26cf980fb8,-24.7144836,25.8696591,0,0.6121814791796146
228,7a83a2fa-3aa1-30ad-b39e-db1f45ff3568,-25.6540956,25.4964797,0,0.25108763206960844
229,aaa53dd1-dd54-3046-97cc-eb005ec925c5,-23.091447,26.8284685,0,0.6292728402734618
230,77c62f2b-c2ac-3e17-a36b-cae71dd7dde8,-21.865593,27.7529493,0,0.675574891236793
231,4430b8ab-b30a-3c9b-adc8-2d37192293bc,-25.228311,25.6794772,0,0.7663144810441268
232,02a89141-0fc1-3bbd-a790-dc1b0e2d34d5,-22.4104125,27.3992067,0,0.18924798011187072
233,f2f06ad8-893a-3fd0-a364-2c681167a03b,-23.1102071,26.8216503,0,0.7169049098819142
234,24151c39-191e-37dd-9d33-b7505bb3ab57,-21.283731,27.4697013,1,0.5960223741454319
235,167d8d9b-763a-3bc2-bb1d-6f7ed99c67f2,-21.1659135,27.4944475,1,0.6392169049098819
236,9f8d2b91-f455-325f-bd66-ad735d6f2162,-22.491001,26.4288763,1,0.21100062150403975
237,20b20d7e-5811-34c9-bd06-e70ba5c651a5,-19.9927735,23.4216231,1,0.5876320696084525
238,b7850919-4e86-36dc-928f-a1a2fb0abd32,-21.8807249,27.7434045,0,0.7050963331261654
239,4c133307-3ae7-3000-a46f-e0648f5c14e3,-21.984008,27.8596063,0,0.6640770665009322
240,41ae8315-8af6-3537-9d08-c9fd2e951e7a,-25.5086184,25.6311012,0,0.31572405220633937
241,41af7d95-5586-32bf-8d8d-ecb9479fec24,-21.9030315,28.0444877,0,0.4418893722809198
242,a02b9d33-1d30-3936-9f6f-fb0b9d780c14,-21.4413843,27.4615253,0,0.6758856432566811
243,587c1a9d-7b6e-3427-b7a9-07f2413bea03,-21.070384,24.5665673,0,0.37756370416407703
244,a1785eac-a249-3a4c-aa65-40c966be92d9,-26.0252972,22.3972063,1,0.7063393412057177
245,1b7b74f0-ca83-3af3-ba05-a1e787d539ed,-20.8362123,27.6248949,0,0.4496581727781231
246,2c10242d-3e82-3902-9495-c20a3ae0a50b,-19.9916851,23.411423,0,0.5876320696084525
247,5b44bb11-4a52-31b4-8ad4-4f85056c5c61,-22.412914,28.3985043,0,0.22374145431945308
248,4e1219d5-5126-3a9a-91cf-99c7de7360ed,-24.0256531,21.8675433,1,0.3729024238657551
249,5eee3008-a364-3956-ba70-67c2bf0131fd,-22.3926474,26.6923044,1,0.7035425730267247
250,72cac920-e988-395c-b315-531c348a42d9,-20.720003,27.5859613,0,0.5304536979490366
251,366a60c2-1df3-3447-90c2-2bbc817035d7,-25.8177775,24.6855648,0,0.2691112492231199
252,caf20cca-448c-349e-bca8-89f81da1bd2e,-22.114924,26.9225803,0,0.6143567433188315
253,4d81bdc3-51b1-3e1b-8795-fac0ce1844df,-21.031948,24.4013613,1,0.6407706650093226
254,11e5ce2f-dd1a-351c-a56c-42ee360f14c2,-20.4903425,27.0353387,1,0.5559353635798633
255,7784e0e0-cf62-3b2b-8060-c50b6510bf1a,-25.2748346,23.2818827,1,0.5475450590428838
256,72758641-0744-3514-ae1e-abb0e20f9d3a,-20.5041906,27.4376463,0,0.4381603480422622
257,96b44191-91c6-3c29-a2ab-4ffc5a275df2,-24.0174721,26.3146353,0,0.6559975139838409
258,4f9bbe83-8334-31e0-933a-edfaf1e22f8b,-24.1674815,24.9591177,1,0.36793039154754503
259,ce0ad81b-c97a-3523-a845-4be7be0d697b,-20.3824985,22.32905,0,0.34897451833436915
260,f9dc2105-9f04-3b54-8a8e-8220fedc3a08,-23.6022742,25.8222055,0,0.218769422001243
261,94d16360-bd56-3aa3-8fe3-5f869a9bc5cf,-24.6685526,25.9653107,1,1.0
262,20b33e66-8460-3d89-8362-3b502e2cfb3e,-20.3249086,27.2279879,0,0.22467371037911743
263,ef40c9c0-5f04-3a5f-8bbb-fd80140ace50,-24.4127896,25.4896417,1,0.6634555624611559
264,d21bb17e-2b69-3cf2-843e-68c035549a18,-24.0932485,24.5298707,0,0.4493474207582349
265,29a5329e-47ae-3721-82e5-c805debec157,-24.2363018,25.675134,0,0.3377874456183965
266,8acad8a9-a47e-3d95-aab7-cdba81fe0421,-24.522617,25.0482713,0,0.28216283405842135
267,a5caa525-5c39-37c4-b3e2-2793c6900e07,-23.7350516,24.5886564,0,0.3287756370416407
268,a166ae1e-476a-3274-87ac-299598daef53,-24.3931262,26.1405371,1,0.723741454319453
269,b524b850-47af-3721-9183-7c0e866a0221,-22.38212,26.7023553,1,0.6982597886886265
270,0d734e93-793d-30ee-9591-3c24f10b84cd,-24.3823294,25.5239761,1,0.6889372280919825
271,c7e7686c-792f-3337-a3f5-2696eec37017,-24.0029389,24.3079591,1,0.5248601615910503
272,f8d27097-ffcf-3dae-a7ed-f2c926c05d96,-24.2925751,26.1677813,0,0.44748290863890616
273,87ddfdad-758d-3f3e-8739-60478d023f98,-24.5787346,25.9392087,0,0.4362958359229335
274,28f5aae0-67b1-3f02-a7e1-0b396f708a62,-24.8727297,25.8596532,0,0.8219390926041019
275,03389fad-057d-3d23-af01-777c5267857e,-25.5374027,25.3098077,0,0.7287134866376631
276,fac63289-7692-392f-8c95-d4396864a8ce,-24.8730972,25.860722,0,0.8219390926041019
277,7214dbaf-de65-3cbb-abae-6f297b8869c8,-22.362929,26.7174771,1,0.6100062150403978
278,023f18d4-43d5-3874-be09-6eb236d426a2,-22.570692,27.4451043,1,0.2597886886264761
279,3264e1ab-402b-3fdd-806e-57cd8746a7e7,-23.6469171,26.8243643,0,0.2389683032939714
280,abd3e069-f66e-3fe2-9dc1-241b0faffad6,-21.8671072,26.4411069,0,0.3300186451211932
281,c15045ea-f432-3b5c-a47f-396ab04a9554,-21.2021565,24.8576697,0,0.6637663144810442
282,9a8c047c-cd78-3204-927a-5189cd979b5f,-20.240138,24.2509353,0,0.40273461777501557
283,7f9bc78b-586d-3b78-9295-f634192a8de1,-22.947214,27.3755513,0,0.27315102548166564
284,83068368-93dd-3aa0-bafb-cd4e75a16eb3,-22.8026245,26.9996697,0,0.5282784338098198
285,b046b891-a14f-34d0-8e32-80cafe34da37,-23.1338238,26.8318856,0,0.5730267246737103
286,cab69f11-0714-3f89-88d9-43960039b9d5,-25.2191831,25.6786786,0,0.8499067743940335
287,5552b506-6e3f-32e2-9582-d97f0ba183eb,-25.0911146,25.6275831,0,0.3875077688004972
288,009c794e-7cfa-3de0-9a88-dcac422751bf,-23.1875476,27.4723433,0,0.28309509011808576
289,9cbb51b3-47f3-346d-899b-86bf785f03df,-22.41309,26.7138043,0,0.5863890615288999
290,c8247fad-3849-3dcb-8884-85781f6ce845,-24.5686508,25.8751598,0,0.5898073337476694
291,14617fc1-e7e5-35f3-99ac-445dc8304aa3,-19.1131438,22.292448,0,0.3315724052206339
292,55281bc4-92f2-3d78-8c4b-16675cae5960,-24.309268,25.9083523,0,0.3598508390304537
293,346344c0-1bb1-364e-9d1d-195e266d3592,-25.4336431,25.5005611,0,0.27221876942200124
294,e9d33239-9944-3871-9733-80988aff64cd,-25.7075852,22.6884997,1,0.24611559975139835
295,825b8a3a-d46a-3c7a-b6ef-a93e36de66c3,-24.649585,25.3285597,0,0.2579241765071473
296,e13a41ac-4500-3224-9a74-b7ccf0da438a,-24.9095358,25.627517,0,0.2467371037911746
297,775ff405-792a-3e21-affa-4af173aeb0f6,-24.0666288,25.8641984,0,0.3610938471100062
298,26ff6a9d-54b1-35d8-81e7-845e9e9b5a4a,-25.2923515,25.4770773,0,0.32318210068365444
299,83fd2cfb-8603-3f2d-9a28-6efee3c4a596,-20.6440052,26.6072982,0,0.3520820385332505
300,880e9ff2-23d2-3637-baa0-4278005fc6a2,-19.5313425,21.1778337,0,0.3806712243629583
301,c0d671b0-9f41-344d-9cb4-f2426df8e900,-22.5514872,27.1125208,1,0.875077688004972
302,9a91be05-e9c7-3726-8d9e-d63e97c71177,-23.4309698,25.7446788,0,0.3213175885643257
303,94b3e98b-1fd0-3ab4-b03d-50c237b0759f,-23.1080451,26.8052163,0,0.5174021131137353
304,6023ed80-049a-3c8f-a09e-b60e8c2a11e2,-24.602951,25.7681719,1,0.4238657551274083
305,25774247-884e-392b-8e12-b9740f241b9e,-25.7504852,25.3385843,1,0.290863890615289
306,66ce330d-3115-3673-9e61-5b7502d4da0e,-23.5687735,23.0649647,0,0.29272840273461775
307,c5b018cb-3ca0-3ce4-ae17-b495c4b32359,-21.9688875,27.8344577,0,0.8359229334990678
308,cc0441af-e3f2-3524-ac8a-ca6b4b414be8,-19.9844554,23.4243805,0,0.6243008079552517
309,ba7e1ce9-8fb3-3326-930c-7217faf15741,-20.62771,22.3269673,0,0.47234307022995653
310,3a26bcae-70ca-3bd2-84cc-e4fb2a16cf01,-21.1483336,27.4954051,1,0.6392169049098819
311,5e64c240-d5ac-3b62-a70f-f6d8dc312e73,-23.86203,25.3633513,0,0.2137973896830329
312,cb187d30-2444-3e21-88d5-ddffe68c1f23,-23.8516555,26.9251787,0,0.33747669359850835
313,39bb7a13-f436-305c-86c6-0a65dd8322cc,-23.1158909,26.819864,0,0.7169049098819142
314,5bcbe50f-7a99-30c0-a32a-e331229f4eef,-22.820781,21.8724143,1,0.23492852703542574
315,e314b742-77a1-3249-b8f2-acd6b448026c,-24.6619416,25.88123,0,0.6646985705407085
316,e1d4cc6e-4036-3e45-a415-c57436dbc983,-21.978556,27.8698073,1,0.6634555624611559
317,a3e20dc4-294d-32a1-b3c1-69e989eb5b97,-24.59501,26.2179713,0,0.3766314481044127
318,2b0269fd-0ad2-39ca-b090-18b8d23ebebf,-24.1357811,25.5898263,0,0.6243008079552517
319,3a9affe4-902e-34e9-994e-eb0ae00e4589,-22.854826,22.2049513,1,0.14791796146674954
320,a0e08bea-13e5-354d-9360-8de0653038fa,-24.7689107,25.4289991,1,0.5059042883778744
321,550f99e5-dcc3-3308-ac2e-ea8009b68b90,-23.6647661,26.0748623,0,0.2007458048477315
322,ac849db8-9004-3c86-8c17-83541fa2b05b,-23.7355831,26.1814783,0,0.24083281541330015
323,e299b402-a32d-352c-a187-79fbc4b32b12,-24.3457231,23.1140783,1,0.1889372280919826
324,1c29b8b3-cf2b-3932-b48a-5db58bed1a63,-25.0907092,25.4607794,1,0.46457426973275323
325,de47742f-1d07-3af8-a9dc-c875a110c28f,-25.4726162,25.6059819,0,0.512119328775637
326,54fb2e81-a4e8-3d13-a6a2-3721a1035c3e,-24.1831991,25.2724923,0,0.326911124922312
327,d4a5c4fb-9d14-3613-b47d-e6292c57fefb,-25.4312911,24.9582853,0,0.26072094468614043
328,ec74a792-46f6-3950-a1ca-9ab942d578f5,-25.8126426,24.7980038,0,0.25201988812927284
329,043100f3-8256-3b24-befe-6084ab0c48e5,-24.3688844,26.1442225,0,0.6575512740832816
330,b8fe6011-01c3-306a-b16f-a4b0c9617f67,-24.4014731,26.1170783,1,0.6870727159726537
331,e14f42af-fd97-3059-9a5c-4f2ca709fed3,-21.9863758,27.8371886,0,0.5885643256681168
332,6120d57a-75fb-3e56-a394-778891029f3b,-22.793353,27.2292513,1,0.35083903045369796
333,e665195f-851e-39f2-9229-2abeb8bbf648,-24.5787876,26.4635077,0,0.1889372280919826
334,ac7495b3-ea9d-3b08-bec8-cd42aae38a72,-20.801208,27.5555293,0,0.3576755748912368
335,65a161fc-9df1-37f9-84d3-be6b16adb7b4,-26.8676582,20.7084253,1,0.4235550031075202
336,6fdf8d97-dc75-3fb2-a96c-12327bb807e3,-24.6619797,25.9138353,0,0.795835922933499
337,28135533-5858-355f-8166-c50122c15ed0,-19.998611,23.4119457,1,0.6600372902423864
338,665b4bbc-2758-3d61-93e3-548c174270e3,-23.5222281,27.0409303,0,0.2955251709136109
339,237237d1-85ca-3600-9332-3b60995f4d21,-24.597419,23.7566793,1,0.32660037290242383
340,3945e6d2-27d0-3a37-8f95-ca2306fb1e51,-23.1233697,26.1855698,0,0.39030453697949036
341,a061987b-e682-3878-9484-13ba58ea2944,-23.4140631,27.1395179,1,0.35083903045369796
342,2610efb3-f479-33ec-8ee8-900d381daf9a,-21.97624,28.4286263,1,0.5130515848353014
343,4f5b45e8-644b-3ae9-b07c-ba2d87b9d134,-24.903077,24.6273726,1,0.4617775015537601
344,31fa8839-a4a3-3ab1-a1de-1164e2ec2e86,-22.8042279,27.1887536,0,0.492852703542573
345,89cd9916-e6b4-3026-814a-0c88dd0f32c1,-18.5795999,21.9918823,0,0.41951522684897447
346,56eea9da-0639-38c3-ab7d-64700f7a594e,-25.2743121,23.2809303,1,0.5475450590428838
347,aaebef50-0772-3846-956f-a3e649b7ccf8,-24.9556816,25.1131637,0,0.28620261031696703
348,06a30644-aba8-3eea-810c-19a56b0104c5,-23.1091127,27.134933,0,0.34773151025481663
349,14650b72-a8ad-33dc-8c2e-6fb2c29da5f3,-24.8907139,25.8689511,0,0.4695463020509633
350,515e676a-cff2-313c-af77-eb47e6a33592,-21.4058407,27.4530538,0,0.6472964574269734
351,3a607514-61a4-3978-8d7b-67b40c152611,-20.362647,22.9551263,0,0.5009322560596644
352,11237960-d310-3d89-aef0-4852e4a404a8,-19.8836699,21.0797133,0,0.41050341827221876
353,5e1ab1c6-7a41-3e08-b35c-f974300dff92,-24.3814186,26.1701532,0,0.5752019888129273
354,b813f1d6-951a-35fa-b166-56977b076b51,-21.956092,27.8681583,0,0.4881914232442511
355,2d5f556c-a1f0-3059-bae5-bfa00bdb2595,-24.3983191,25.4923323,0,0.7392790553138595
356,69655c4c-7954-3954-bf66-f42264918f96,-24.6323564,25.913375,0,0.7206339341205718
357,d81851f1-081e-3981-a42a-43b12cda2437,-25.2049259,25.690159,1,0.8216283405842139
358,5db132b5-61ec-38e5-8609-cc0fbc7af208,-21.0767065,27.3457371,0,0.3464885021752641
359,faaaeeaa-d517-3acd-a937-235492f75ffc,-24.6765057,25.9075758,0,0.7265382224984462
360,a587eb1a-e760-39de-9564-c20a74f683ad,-24.41076,26.1486273,0,0.8480422622747048
361,b1bf9f41-96a8-305c-8fe0-b6437ad416aa,-21.04634,22.4011093,1,0.37849596022374143
362,f6f5f50c-a2fd-30f4-ba97-876fd2978276,-24.6549661,25.9696593,1,0.6848974518334369
363,f390017f-c4a2-36c5-a7da-71a53da7cca8,-20.8954373,27.0700127,0,0.28775637041640767
364,48b9e71b-031a-342a-a6f6-bab1cfba67e9,-26.6666002,21.8821883,1,0.31230577998756986
365,2dda0a07-7740-364d-bd78-d42149338c88,-24.8556582,25.6698912,0,0.26165320074580484
366,7212f5ef-86c6-3b33-848f-8713169b5a1d,-25.5586295,25.2358945,0,0.4129894344313238
367,3ffa8999-b338-3d9e-a261-4e1a2901f37c,-25.5438656,25.4935517,1,0.17153511497824733
368,b6fabc70-bd07-3b07-81bc-324a94905a48,-25.5521192,25.5470454,0,0.32349285270354255
369,4bcc4b1d-9c47-3c5e-bae6-fff4eb292c47,-20.863377,27.2268683,0,0.6382846488502175
370,987c6af7-c36b-3db0-a6f7-8bb2d86c4d69,-22.5282375,27.1263997,0,0.7793660658794282
371,303bef32-b5d9-3bd4-8c4f-3cde657ff782,-24.9725946,25.3591227,0,0.5469235550031074
372,6c4a6458-e678-376c-ac16-5aebe7594f5b,-24.8798232,24.8985988,1,0.17619639527656927
373,beb0ba54-8bf4-3ba7-94b1-1a7fa23bd466,-23.4781331,25.6582653,0,0.18614045991298944
374,8a815fcb-a8f6-32d2-b4cf-a504db5125fb,-22.3820817,26.702249,1,0.6982597886886265
375,d03d2b20-0ceb-3a20-b227-e00c73abf48f,-24.6131112,25.8643859,1,0.9223119950279677
376,338a3150-9138-3b74-823d-1e1b46e0ed0b,-24.6682467,25.9252505,0,0.7265382224984462
377,56bdc420-80de-3c20-accf-922a2d853d96,-24.6905555,25.8958214,1,0.5767557489123679
378,39a72330-463f-381c-bd6f-8d462a39b538,-24.8631331,24.8267833,0,0.38906152889993784
379,8e8e1b39-0fcd-3fc9-be48-c13f33b50631,-24.544858,25.6159153,0,0.3250466128029832
380,e01de1ab-c4e0-3b3e-bf60-5337c2ef9b7d,-21.1701528,27.4900249,1,0.6469857054070851
381,7c1462d4-8b55-3012-ae8f-ba3d302c37c9,-20.631527,22.6035643,0,0.4801118707271597
382,e0362b14-76fd-3ffb-a503-4c9d4a0a7df0,-22.274953,20.0650643,1,0.704164077066501
383,045dcddd-0546-313b-a2a8-18876b051943,-22.5579159,27.1100094,1,0.6615910503418272
384,d1b35fb3-44bc-3502-810a-cd242e1be0cf,-24.3955183,25.5388378,1,0.7417650714729646
385,1e475454-8fcb-3834-81e2-1e4f9397dfd2,-23.2643569,26.5870591,0,0.2597886886264761
386,b1510157-45e0-3a19-990a-250f5b98aa92,-20.0029235,23.4328562,1,0.78402734617775
387,54d64109-ddec-3a84-bd01-6e896632cbb0,-24.5612599,25.9059583,0,0.5214418893722809
388,fee02ff9-ba45-3fca-a433-19e1fea83724,-24.9067636,25.6265963,0,0.2467371037911746
389,2f0a03ea-bf35-3409-8091-23984f1c76a6,-21.8834591,27.7299194,0,0.5114978247358608
390,7b180e7a-5df1-3ab6-be38-cd64e009fb58,-19.9416349,23.4982823,0,0.5372902423865755
391,d22e29c5-5510-36ed-bc53-e39ba28c5f80,-25.4647283,25.3872433,1,0.2545059042883779
392,bac47d2b-162f-37d9-b971-8eebf3c05d94,-24.4729219,25.8874422,1,0.8154133001864511
393,593345ca-4457-3661-be4f-bd664e59c2fe,-25.152573,25.5099213,0,0.18272218769422
394,0656dad5-0d8e-3732-9702-656b56105bab,-25.5420026,25.1362707,0,0.22125543816034804
395,2b3ec872-52ea-35eb-aa36-320d1e3ef93c,-20.588958,27.6500513,0,0.4620882535736482
396,247e14a4-67de-3e99-aecb-e6114da809f3,-24.6794713,25.9018404,0,0.6687383467992543
397,9acae37d-607a-3588-9aa2-f73cf6ec54ec,-20.319302,23.8858483,0,0.20696084524549407
398,c75fbcf0-e400-377b-8bdf-ddba903141a1,-24.9900393,25.3468369,0,0.5963331261653201
399,7d89538d-0007-37e0-84f7-da89053cb346,-24.1393216,26.0060783,0,0.44282162834058414
400,0c0e75ca-8d83-3680-9c41-fc117c932df1,-25.7935092,24.9024743,0,0.2504661280298322
401,779ff61b-6fb7-39a0-a8a8-59c14011bf97,-21.703303,21.6485063,1,0.7231199502796768
402,a8efb6e0-be7d-347e-9be4-e0cf9f055a3c,-22.7937906,27.7554762,0,0.5668116842759477
403,a8578a46-4e48-3d9d-949a-8fdf53db60ea,-24.8591578,25.8633131,0,0.8607830950901181
404,4c3a0cc5-ecfb-3785-ab80-99d2eac162bd,-24.9975281,25.3576606,1,0.6305158483530142
405,42fbd74d-5c55-393f-9130-2748fa25bbef,-25.5476723,25.3729811,0,0.2641392169049098
406,67c12362-9288-3cb2-b079-13070e512b91,-23.0354027,27.5334978,0,0.483219390926041
407,25795470-3f45-39a8-893a-a7d7e6f76179,-24.258612,25.5432993,0,0.25233064014916096
408,44393602-8e11-3e53-8456-3c38e62b4946,-25.5654326,25.5766729,1,0.3896830329397141
409,8eaa5d09-caa5-35f2-a10e-b015dc35709e,-25.2101314,25.6798789,1,0.8499067743940335
410,0ec669be-0f7a-3add-bcb7-d84bbf06f3be,-24.4061216,26.0775767,0,0.6146674953387197
411,193a3402-0e93-3d6f-94bc-2f12e2f083da,-24.8135446,25.3094959,1,0.3349906774394033
412,6c38c508-8b92-3b17-8c63-36065c2a81c1,-25.6413379,25.1352782,0,0.2495338719701678
413,a68d7327-04f6-3811-b68b-840ca56d3283,-25.1954091,25.1779783,0,0.2961466749533872
414,b52d3945-e67a-379f-9f27-964c3e1ccde8,-19.9850805,23.4114334,0,0.5876320696084525
415,87b72016-5676-34eb-8a29-a5ef37629b33,-24.5160064,23.9222789,1,0.3356121814791796
416,51f32da0-434f-38a4-88c3-7e690efde9d2,-22.102198,21.7704603,1,0.28185208203853324
417,ad551e07-889c-3b76-84ce-aa8e3c5f9436,-18.7219919,22.7401293,0,0.36140459912989437
418,5538d213-61af-3944-9044-cb3740c84479,-24.6310117,25.9260326,0,0.7206339341205718
419,3c0eca12-0704-32b0-8f94-6c3a3574c11f,-21.961075,28.4092273,1,0.2753262896208825
420,cd8aa47f-d64f-3695-9d2d-4a62cdf4dba6,-21.9866075,27.8211487,1,0.5885643256681168
421,55fc7a97-9bb1-3117-a041-f76be3599901,-19.1139429,22.2905355,0,0.3315724052206339
422,676ae93e-cd80-3162-86b5-fbea98b04ae5,-24.470647,25.7871493,0,0.4546302050963332
423,dc78f0da-761a-3298-bfb2-47922caf62f3,-18.8401309,22.5761663,0,0.3638906152889994
424,33e1ad64-9f24-3f9f-81a5-5825f8c1f303,-19.863915,22.3880773,0,0.4213797389683033
425,e8c381e8-ae4e-362e-8701-ae61db519a96,-18.8656049,22.2819403,0,0.26880049720323185
426,21e6c213-1f54-3a87-9376-b73b5b4ac3d0,-18.277116,21.8350698,0,0.3856432566811684
427,7758bfa3-21a4-34c2-874a-1fd15f1a75a0,-24.6325568,26.3992496,1,0.4213797389683033
428,d70043d6-db8d-304e-bb9c-3afb703c012b,-17.9012749,25.2217253,0,0.4642635177128651
429,98029241-d1fd-34bb-83c7-16e863029d2e,-21.1787983,27.5177894,1,0.49596022374145426
430,4f79ba5c-cd7d-3736-bcb4-88693577df88,-22.4405484,26.7207562,0,0.5568676196395276
431,6c99859d-29a7-3275-832b-852f12bac260,-21.090594,24.4782303,0,0.42728402734617776
432,f92b84c2-f232-30da-9047-25f0fa8c43ab,-22.4253698,26.7434198,0,0.5932256059664387
433,bf869c75-d0c3-3a37-8355-c236e4018e92,-21.1416518,27.4973121,1,0.8113735239279055
434,0eabdc30-4696-3735-8066-7c48a2c0cc68,-24.6400305,25.9192951,0,0.7206339341205718
435,0d7db491-5442-3f2b-9bee-6e48f1f86814,-21.9864179,27.8467744,1,0.6640770665009322
436,8f979687-548f-37e0-85bc-e8e846abe331,-24.6665793,25.90868,0,0.795835922933499
437,c6fe72b9-564d-322d-a578-1347588f0390,-23.1264906,26.8117287,1,0.6612802983219391
438,17d4ce24-0084-3d96-980d-49da3e02fba7,-18.3172984,21.884597,0,0.2691112492231199
439,18093958-6253-39b5-ac52-1500aa97410e,-20.580297,26.4944613,1,0.5074580484773151
440,fbed6e44-c034-3798-ad2d-43726a9fffd7,-25.1068466,24.8741698,0,0.37538844002486016
441,459364ea-254d-3b67-971a-9050f524790a,-24.6118724,25.9324523,0,0.7902423865755128
442,3d9e98bc-61bd-3ea9-ae49-ed1329d0dfc8,-25.3899136,25.1353867,0,0.20416407706650092
443,bc9536fc-0adf-3b87-94ea-977b2a68739c,-21.170503,24.6023383,0,0.3610938471100062
444,0def5f94-3e47-3472-b6cc-e2d0e5177749,-20.588971,27.6498363,0,0.4620882535736482
445,a7476f96-22e7-34a7-9032-c1b356da60d3,-20.200612,23.2240313,0,0.3132380360472343
446,b4e92d32-799f-3f40-9862-a78f718ccf15,-24.6082153,25.9421459,0,0.7902423865755128
447,0de268e7-3ebc-3829-aa65-af07ea1e05d5,-25.3237654,24.4792262,0,0.35705407085146057
448,e11fbdf1-61f3-3a72-b98a-dfbd96c7be70,-22.020755,26.7905703,0,0.28775637041640767
449,7550f09a-841c-3ef0-b299-f2ac3547eadb,-22.6126296,27.3315306,0,0.29179614667495335
450,b1c2e07c-46ff-3a90-9644-7d8c9240c170,-23.98127,25.2430113,0,0.16532007458048475
451,55d61803-9a3c-3625-8555-3c4160da06fe,-20.1133617,26.2464682,0,0.2663144810441268
452,170900b9-809b-3c48-9378-7c1ad22e7254,-20.582424,27.6081623,0,0.47203231821006836
453,a5b3db4d-cb7b-3162-a1b6-0f551a42bb31,-20.85382,27.2497613,0,0.23151025481665627
454,5544fc2a-d829-3abd-b9d2-05ddfb23e400,-22.7679,26.7898713,0,0.19825978868862645
455,8b5e400e-6298-3990-9263-38c282015a12,-21.230077,26.4255723,0,0.5702299564947172
456,5102d050-9987-3c46-a27b-b0e341dd706c,-24.3233556,25.2280707,0,0.15102548166563082
457,ccef566c-acdc-37e7-90fb-7907ab462e13,-24.636022,25.9355609,1,0.6901802361715351
458,6b697101-b7b4-3d07-9bcf-e7782743bbad,-21.368892,27.4507423,0,0.43008079552517087
459,5bdf27c8-accd-3266-9509-991a7134e440,-23.5993055,26.26801,0,0.13331261653200743
460,04c37dd2-13f2-3a3b-8a7b-a15033d05a49,-20.3114022,22.4472077,0,0.33250466128029826
461,bcd47d12-5ce7-3877-bcef-ef79c05c3596,-20.937811,27.0807883,0,0.34244872591671843
462,849db5dd-88b4-3c0e-add9-bece405b6dfe,-19.862381,26.4876294,0,0.3514605344934742
463,c5ca9628-8561-32f7-b977-5edc690fa906,-24.6599755,24.8016189,1,0.4291485394655065
464,fbbaa3bb-71bb-37ad-8980-40a22a7336ab,-24.8890151,25.0057173,0,0.35363579863269107
465,097dd00e-72f3-34cf-88c6-53ab42543e90,-21.1898337,27.3814004,1,0.42604101926662524
466,0c9fcc0e-e10b-36e5-aa79-e0b47e0f245f,-24.6213431,25.9248959,0,0.7566811684275948
467,ad7348ae-c2d0-3a2e-a902-c54a0b32facd,-20.5004646,26.9958109,0,0.27719080174021127
468,5cc17e9f-a48e-31cd-9a8a-9037a3a075a5,-24.6663186,25.8874404,0,0.7165941578620261
469,bc14a6e8-3c5d-3153-8b40-6164d9663148,-24.621606,25.9448479,1,0.7902423865755128
470,48612667-5130-3a39-bab3-014fc609d33d,-23.8668721,23.67348,1,0.39496581727781227
471,babb07df-770a-31d9-bae1-4ad8e35d6249,-24.6190663,25.9322306,0,0.7902423865755128
472,dcb59f24-113e-3fb8-ae61-9aa2aee213eb,-20.0426916,25.4831202,0,0.2389683032939714
473,b296ccbc-ade2-38d0-9af1-f1897025c1f1,-22.8891907,27.5232668,1,0.5848353014294593
474,abdee5f7-8557-3bf0-a0d0-2443d3b96ff7,-21.17045,24.6027133,0,0.3610938471100062
475,289821df-18d5-3497-8b73-8718edd0e3ec,-24.7686331,25.4032231,0,0.581727781230578
476,5e7a6108-ea6b-3ea1-af36-061357d8941f,-25.0340256,25.7480961,1,0.4894344313238036
477,44537046-1c87-3888-a61c-67455f50e17a,-22.651659,27.6373853,0,0.21783716594157862
478,6e9e0e2a-c2fa-33d0-a2e4-374e0e99d37a,-21.099218,27.3317143,1,0.29459291485394656
479,08e48524-1a92-367a-9cff-89174c9e5ee2,-19.9754135,23.4047189,1,0.5876320696084525
480,c8d98bd9-8778-336f-9b0a-bfdb9cc5b831,-22.163427,21.8518483,1,0.35394655065257924
481,a893b639-9ce8-3080-8af8-421aa2010c8b,-22.724051,27.3911313,0,0.3756991920447483
482,de038cda-c35a-33ee-85ee-2d83971772e4,-24.6021107,24.7237054,1,0.7703542573026725
483,54f819a5-ee2a-34f1-8b69-c08d9b93e6f2,-22.1186545,22.4171737,1,0.5376009944064637
484,803f2cfb-062c-325a-8703-6f4836940019,-21.3065362,26.8778779,0,0.40490988191423244
485,4b2d3360-6746-3156-84af-4bb4cbf9464c,-25.5672426,25.4352537,0,0.21224362958359227
486,49b5c3b4-7fa3-3e9d-bb0a-53723b9e9eb2,-22.78297,26.8956113,0,0.3318831572405221
487,30490f10-3f37-3a7a-a0cd-92546b9623d2,-24.7680901,24.5963023,1,0.26662523306401487
488,10c05c2f-7b64-37b8-9d97-78a50211bb48,-25.384433,25.3651313,0,0.2165941578620261
489,16cfb790-aad6-3af3-ac41-7b9907802b14,-24.4129931,25.5058603,0,0.6634555624611559
490,e25bce27-e044-3e98-848d-6c54a3c3987d,-26.6663042,21.8798863,1,0.31230577998756986
491,eb2c89c0-46e5-34c7-a94a-717f4ed3e0cc,-24.6560376,25.7988126,1,0.5584213797389683
492,4a8e58f0-40d1-3133-8214-c40d0e13e925,-21.786547,27.2783023,0,0.41516469857054067
493,60a24de8-086a-3bf0-9d31-17123b2c3e2b,-25.4524131,23.7120641,1,0.3505282784338098
494,6541043b-474c-3c7d-9078-af2db98bd669,-26.0198182,22.4019433,1,0.7063393412057177
495,e66b19f1-27f7-3a84-afda-3e7f1c02c022,-25.4114221,25.5349243,0,0.2843380981976383
496,c62e2cd2-13cf-3e83-9629-50b19a2edac4,-24.478205,25.6631703,0,0.22311995027967682
497,a54cff2c-bd4f-32a7-b3ab-ac367666fd20,-22.507602,28.2362563,0,0.4670602858918583
498,105ef8f3-819f-307b-9dfc-b7e455608469,-24.6520628,25.5237675,1,0.6696706028589186
499,120ea4ad-a1bc-3bba-b6e6-326683ff72fa,-23.7466256,26.4598389,1,0.3353014294592915
500,a1b287a9-d737-3c07-a3c1-3d1f9e0008ea,-24.0613728,23.2991669,0,0.35829707893101304
501,fbe05e98-1f2c-32c8-bcac-dff5cc9b4c82,-18.351868,21.9578273,0,0.3216283405842138
502,77a0b9c6-19f4-3152-8090-0899d3bebcea,-19.4284779,23.8712703,0,0.36140459912989437
503,dfa479dd-5a97-3d81-abc0-6febbea1c67f,-19.3577278,22.2814107,0,0.22715972653822247
504,91fe9be7-78fb-31b4-988e-2bbca52cd08e,-24.6443416,25.8282833,0,0.6786824114356744
505,8c83d5bd-e908-3248-865b-f9b0705ca0c2,-24.085517,25.0271177,1,0.3216283405842138
506,40643174-4892-3057-b0da-0c33c08eed03,-21.437092,27.4444023,0,0.6758856432566811
507,ddcdb0c4-07e8-3f88-84af-eb15f5b0cb1d,-24.6531541,25.8813725,0,0.6646985705407085
508,f6197c51-e985-386e-9047-aa1ad15f2b52,-24.4015276,25.4731017,0,0.7284027346177749
509,28fc251b-6b19-38fc-98bd-35c8708ba852,-24.2547693,25.8352946,0,0.2650714729645743
510,de9e4b10-32ab-34cd-8ea7-543b00bb730f,-25.7952632,22.6832053,1,0.26880049720323185
511,7fc75424-f1ab-3d1d-a1b4-2e2ea451d833,-23.045678,26.4951453,1,0.6003729024238658
512,8af5a8a3-e8bb-36d8-a75d-a043e961b030,-23.0869614,26.801523,0,0.3104412678682411
513,f3fb6629-1079-31bf-95a1-f1be7f7d63df,-24.8892636,25.0051609,0,0.35363579863269107
514,be5b63b3-48ef-324f-b7fe-78a72ec6914e,-20.0145159,23.3943613,0,0.5543816034804225
515,4dcaf765-d5fa-3d85-a802-0a075eb0d930,-21.4626489,27.5343837,0,0.44996892479801115
516,79b3a661-7064-3b67-a7fa-c2812edfac4c,-22.5418645,27.0995526,0,0.875077688004972
517,afa707cc-6a34-3979-a511-4f61e1f599b1,-20.570354,27.4576723,0,0.24176507147296458
518,d7992eb1-8bee-35d2-9998-9197062a0557,-22.4025016,26.6880923,0,0.7035425730267247
519,4494fac6-949e-384b-8a8f-9fde22b9309b,-19.9605759,23.4507794,0,0.3974518334369173
520,b3d05845-95b0-3a37-8c92-944f916ec9dd,-21.1193648,27.6588869,1,0.4829086389061528
521,512b678e-99cc-35ba-b4fb-d7383d23dd8c,-21.968887,28.4284113,0,0.5130515848353014
522,7df8a6ed-ce5c-3e93-bae5-2768554262f7,-24.6905983,25.0370426,0,0.48415164698570534
523,d7b5f6fb-6c5a-3628-bfdb-d577740f14f7,-25.5936376,25.3119719,0,0.21970167806090737
524,2108a491-67d6-3886-9945-95fdda4cf037,-21.037518,24.4109923,0,0.6407706650093226
525,d3b145a5-073e-38d9-bdb4-e6081ea84b90,-23.4119601,21.6016913,1,0.3701056556867619
526,66e1d5b5-cacb-383c-8cd7-2e1e5e138b0a,-24.9204641,23.2188323,1,0.2545059042883779
527,88fb07a3-0578-3bc3-988f-340c7c1ab913,-24.5053314,25.401319,0,0.3934120571783717
528,6714cb28-12cc-3c0f-a185-94f55146f259,-21.986962,27.8124503,0,0.47296457426973276
529,e6cf80ca-59e2-3f6e-a77b-d50fe828bf4c,-25.1989054,25.69424,1,0.8216283405842139
530,c57b8203-8970-3cc9-a171-6830625b99d6,-23.4432624,21.220654,1,0.2402113113735239
531,bcea27aa-5995-37cb-a886-707e34550ac5,-23.9507551,22.9705353,1,0.2719080174021131
532,d5f42c24-63d1-3cd7-8220-671424559f79,-24.0245151,25.4897661,0,0.4002486016159105
533,82e87b21-d55f-321f-b9b0-5423483054f7,-22.357896,27.5357203,0,0.11311373523927905
534,38635010-8cf2-3da7-887e-808a47ac7d14,-24.6004963,24.7321597,1,0.7703542573026725
535,f72da1ff-d36f-30c7-b921-89d2573d11cd,-24.6570948,25.890795,0,0.7165941578620261
536,abccb2fd-791e-37d8-bbf3-95a50c99000e,-25.1525946,25.5108227,0,0.2902423865755127
537,56cedf94-b551-3447-83d9-50bd7ebc5eb8,-21.360545,21.2131083,1,0.6146674953387197
538,7bfb2da3-b8d5-3814-8288-da453acf62b2,-24.8039204,25.403899,0,0.5525170913610938
539,bd983af4-cf98-3c89-ab42-fbf2eeb02eb0,-24.5648903,23.8577874,1,0.2700435052827843
540,94b5ec49-630d-3806-9508-852a1c8230c1,-21.9468979,25.4449652,0,0.25326289620882536
541,9afaceaf-0400-3bd1-a0ca-cc7ce4b40814,-24.4154715,24.2217207,1,0.2339962709757613
542,0042c8b5-4de9-36e8-86bc-485aa24fff46,-21.383479,27.4134203,1,0.5226848974518334
543,674645b1-6fa3-35b6-89e0-6dd9a4e091e5,-22.267492,28.7513443,0,0.3819142324425108
544,8ddc1c08-9231-332f-90c3-17b9343cc8a8,-24.9595721,25.3128923,0,0.5789310130515848
545,7cfc105c-9f93-3a79-88bd-6f6f84f33a79,-23.1508301,20.8259843,1,0.32660037290242383
546,06914bd3-8c0d-316a-a293-4f0a67152469,-20.1953256,24.5355064,0,0.38471100062150404
547,0a3555bb-8e5a-30fd-bc99-27914e5d7376,-21.202289,27.5260923,0,0.7939714108141702
548,ac421601-2b1c-35df-863c-a57b9e02887e,-21.43374,25.5794583,0,0.5605966438781852
549,a74ec582-f004-3b11-8362-1bc80e2eef41,-23.5405203,26.0174918,0,0.2467371037911746
550,a4bafd57-f18e-354f-aa5a-81570ca5690c,-21.2044587,27.5163155,0,0.7939714108141702
551,0ed202c9-a5bb-30ac-a517-4c0f7dbf5af9,-22.405887,26.7251773,0,0.5416407706650093
552,c5251a34-af2d-3fb8-ae96-4e07a0e25f90,-21.013459,27.3373803,0,0.4574269732753263
553,7fcd6984-0985-39f0-bd94-fd420bda918a,-21.1877748,27.5167672,0,0.7939714108141702
554,1bdecb9b-c29f-3f45-9d24-e745033b0aa4,-21.1958174,27.5164341,1,0.7939714108141702
555,0b67e5d2-a2b3-347e-a7c6-ac31b41670a5,-25.5065001,25.5776343,0,0.31789931634555624
556,94eb3499-0db2-3852-a567-30f6452bd33b,-25.0378071,25.7413172,0,0.4894344313238036
557,597ee261-14e6-3eed-abbd-a562e12ee816,-20.5872885,26.4785092,0,0.5074580484773151
558,b225b25e-ee6b-3927-a73b-e595e73bc369,-24.9149781,24.2291203,0,0.16749533871970165
559,62d32977-a0f2-376a-9b8a-a7de0c65e366,-20.154887,25.7942273,0,0.33312616532007455
560,87343ead-be8e-3ab8-9fc9-4d13a42f481c,-20.7504407,26.8934989,0,0.1575512740832815
561,a4ad5dde-a388-3161-af3c-f13993887d56,-21.201181,24.8768733,0,0.34244872591671843
562,8ba97f76-8c93-3824-b7ac-60767d20d28a,-19.9922819,23.4052107,0,0.5876320696084525
563,05e3b73f-268d-3421-8c55-e4b0190657ad,-22.1750266,28.8747326,0,0.38160348042262277
564,ce927977-1e24-3bf2-8b98-bb81fcbd68e7,-21.450985,27.4510603,0,0.6758856432566811
565,706d560c-9548-3e75-bc6f-8c194d434d45,-21.129948,27.5003573,1,0.8113735239279055
566,3be8bb00-85d9-3739-9ab9-17a3bda81ece,-20.5627699,26.2186907,1,0.8225605966438783
567,c3190102-b97e-3c5d-a16f-71c29a0755c1,-24.6063223,24.7306093,1,0.7703542573026725
568,507209c3-66ee-39a2-aab4-7e425fecb79a,-21.1845918,27.5266528,0,0.49596022374145426
569,da918d43-79c4-3fea-9219-3354c84c6afe,-23.1326149,26.4132395,0,0.21783716594157862
570,618e1547-50fe-343a-956f-c9c8ab9374de,-23.9504011,22.9714923,1,0.2719080174021131
571,370386fc-026b-3491-aaa1-2cc379a68295,-21.8791275,27.7695517,1,0.675574891236793
572,83280e19-4b79-3561-86cd-813bd6af6ae9,-26.2827328,21.3659835,1,0.38906152889993784
573,39736da3-b5ec-332a-934a-98e13fee2f14,-23.9842791,21.7502553,1,0.3272218769422001
574,821fd19c-bdba-3437-aacc-ebdbce4e64bb,-22.214366,26.8326923,0,0.3704164077066501
575,772934fe-af14-3ba8-9502-196cf3efda3f,-21.815399,25.9387113,0,0.2694220012430081
576,78576a3b-642c-347a-a61f-f1182d325015,-24.513229,25.8623663,0,0.35425730267246736
577,fc542fcd-f68b-3d17-ac92-22588c514b20,-23.10699,27.1515213,0,0.34773151025481663
578,6b6c38bf-a308-3ad9-92db-7de8e021712b,-24.875122,25.3684258,0,0.3219390926041019
579,d3acff5d-d163-33c3-aa6a-dbab5c363d83,-21.4096214,25.583677,1,0.6255438160348042
580,171655ff-697a-306a-acf5-d3de53ee3a65,-24.8548307,25.8522999,1,0.5686761963952766
581,62d216da-0635-3bc3-bebd-960ea2e747e2,-23.032004,27.5596043,0,0.20882535736482286
582,3c089f7b-48b0-36cd-aa67-73b20b4b3eaf,-23.5588236,20.4969879,1,0.2796768178993163
583,a1c00619-f399-3a14-b8a9-12a577714a83,-22.404445,28.3874853,0,0.2902423865755127
584,19670249-3724-3e1b-a5c6-acdf1d8f360e,-22.154975,21.2070213,1,0.27128651336233683
585,398b0b69-42ae-31ef-859a-dbcf5146fa38,-24.6432838,25.900076,0,0.5798632691112493
586,5fa20c21-80d1-37fe-80a5-3cd1575edb3b,-24.7089191,23.6319673,1,0.18210068365444373
587,4816037f-4293-36a4-bf6b-6f839f120984,-24.6459078,25.8897127,0,0.5798632691112493
588,f61b5b05-677e-3a16-8291-02db1dd69c5f,-24.6152868,25.8457397,0,0.7753262896208826
589,c45e3d83-4c27-3c2b-9e42-bf06116baa85,-21.7865415,27.2785617,0,0.41516469857054067
590,0a1de9c7-22a8-3f93-b603-db60746c5008,-24.3093281,25.9082993,0,0.3598508390304537
591,fb111718-ceca-351c-90bf-50386841d2d7,-23.6728,25.3063303,0,0.32349285270354255
592,46557a24-35d4-37a9-b9c7-5e1eeb3b8f13,-23.1040885,26.8484401,1,0.6246115599751397
593,88222cdc-6e83-3747-90c7-e0099fb18880,-21.1643644,27.519257,1,0.584213797389683
594,c17ce959-74a7-3e28-b8fa-26a7c8e6440a,-19.376552,22.1716683,0,0.5814170292106898
595,66a24cae-ea72-3955-bc67-9b71b4c18f8a,-24.47736,25.2752913,0,0.27719080174021127
596,2a67b526-1510-350f-ba85-5fb2ad723cf1,-24.3979725,25.5718259,0,0.6861404599129896
597,8ff0ef23-0d75-3c41-be83-54f96ac8ba0c,-22.04925,27.2712823,0,0.27035425730267243
598,5479aeaf-3997-33f6-8f81-1590ccdba8a5,-22.580558,26.3910373,0,0.22249844623990056
599,9fb4fee2-8bdb-3f3a-a1ea-8e4997fc0b9c,-24.557565,25.667361,1,0.305469235550031
600,1ae079ca-8ef8-312b-a52c-8a47d40c2ef1,-24.6665,25.8639009,0,0.6646985705407085
601,b3e43f49-1d4c-3946-81a4-3d3db04aa2d5,-20.150329,23.6550338,0,0.471100062150404
602,e26e3d67-38e3-39e9-bfe0-0f4218fb3674,-24.6251365,25.9058048,0,0.7566811684275948
603,51961421-c8b8-342f-b6fa-8e50d09f2a96,-22.580949,26.3898063,1,0.22249844623990056
604,5fb800b3-c9c5-3867-a4df-5a691950a670,-22.3857375,26.7183517,1,0.6982597886886265
605,a1b93fec-921d-33fe-884c-9f2b580bcc11,-23.0060917,27.746948,0,0.31385954008701056
606,146e7073-d670-3e0b-8189-6af88ab93303,-24.406921,25.4631109,0,0.5155376009944064
607,b430b17f-a97c-38f4-9dae-c18e84b83987,-22.5349896,27.1205214,1,0.78402734617775
608,651a26ea-d871-3ec2-a0b6-43ad464b5653,-21.098425,27.2252993,0,0.46146674953387196
609,d9549fe9-b385-3695-aaa8-a46bb091efcd,-20.1048889,27.1961753,0,0.36016159105034184
610,40323480-9600-36f8-a381-c86d045da6ee,-25.0744397,25.44017,0,0.32784338098197635
611,3b2faafe-238d-3131-95c3-12aae1ee2bfd,-25.2203676,25.5663631,1,0.5074580484773151
612,0a66d51c-e5a9-3051-b8c5-20fda56ee09d,-25.3123142,25.2808114,1,0.42106898694841516
613,f2deb7e0-8a10-3849-b3a5-66eb56ef868b,-21.9980295,28.4261398,1,0.6134244872591672
614,48f018fa-e82b-3903-b828-d22d42fedd5f,-21.9683245,27.8355177,0,0.8359229334990678
615,930c29ab-4a14-3176-9796-1e90d421871a,-21.393204,25.5808893,1,0.6255438160348042
616,2f376e6a-c9bb-37eb-90cd-ac709d65ce3f,-23.6365031,24.9580453,0,0.26165320074580484
617,3ba68d63-41ad-386d-9263-d32424194b0a,-24.2563061,25.3220883,1,0.5087010565568676
618,7d0ee1ec-f01d-32dc-bffb-ba1caaf98f10,-24.8781975,25.8506155,0,0.8219390926041019
619,e44afde0-a292-3d23-a0a8-7ff9cf9bacf2,-24.3563596,26.1385847,0,0.6550652579241766
620,6e231049-ab74-3885-b597-ad93c40ba3d7,-23.0003379,27.6657897,1,0.37849596022374143
621,6bc65b30-2864-3692-bea8-e0c2643cb731,-24.6778541,25.5642313,0,0.550341827221877
622,78da9239-3500-3b90-b965-062cc6669fdc,-25.9984402,22.4038153,1,0.4950279676817899
623,00421dcf-883d-3f5d-9a80-e3660cbbccf6,-25.6104999,24.5352736,0,0.35083903045369796
624,611217a4-fd1b-380f-b934-5578b1a57cff,-20.4956895,27.3760197,0,0.2597886886264761
625,19226de2-9bcc-3139-b761-73683d7615f0,-23.3814459,24.659291,0,0.15195773772529522
626,14663cf2-d2aa-3c28-a939-76e7ab81622a,-22.5665705,27.0856832,0,0.5515848353014294
627,9d061f76-4cbf-3d65-8d7b-adf260678d57,-22.769962,27.7556473,1,0.1979490366687383
628,d9819915-3186-3dfb-b5f7-b3ccecc1b3a7,-21.785593,28.3385753,0,0.11995027967681787
629,80a62c7e-031f-35dd-a1f3-6147a491a694,-21.818867,28.8253293,0,0.23617153511497826
630,23ce5941-feef-35d3-88d5-dd21d1a17030,-20.9089548,27.6265908,0,0.38036047234307024
631,11894f5a-2f84-3fec-b0c5-63337075d19f,-22.380869,26.6791213,1,0.5832815413300185
632,9e811bb9-5cbe-3dee-8be7-096637bf4892,-20.903558,27.0775043,0,0.3812927284027346
633,a0514eed-2cb4-3c2c-9161-c127572216cd,-21.452409,27.9457233,0,0.19235550031075202
634,a4d4c46f-a02b-384f-a119-3f682b90602c,-20.4908685,27.3460497,0,0.38004972032318207
635,35746b0c-32a5-32ea-91ff-9673b2cbaf95,-18.5255499,22.1505772,0,0.4123679303915475
636,5d2aad05-b94a-357c-9c0d-321e9a3ebf31,-20.720187,27.5862343,0,0.5304536979490366
637,8c78ebc6-6f81-348d-80be-dd9941ab2fa4,-20.5925245,27.5475147,0,0.27252952144188936
638,ed2a1138-51fd-3a83-9917-bf07672e82bb,-21.060057,21.7260763,1,0.15817277812305777
639,0de146e7-f186-3d14-81de-2e38136695ad,-21.590858,27.9795423,0,0.3408949658172778
640,fb715041-b3e9-3880-a347-64a427d57abe,-21.738262,28.1103136,0,0.36295835922933495
641,fa94f88d-4ce3-31cc-b87c-50df0c3f319e,-20.603234,27.3954323,0,0.2560596643878185
642,dc1cde2b-4305-375f-98c6-99fc70013755,-18.4041095,21.5678777,0,0.31883157240522064
643,d28ec2f5-08c0-3d37-b209-8505fdcf3975,-20.019146,23.4249663,1,0.692355500310752
644,9d25c23a-afd9-3b85-821c-c467b868b3e4,-24.5987934,24.7221565,1,0.7703542573026725
645,d6a24350-783a-359a-b219-281808bd952e,-24.7916144,25.4174335,1,0.5525170913610938
646,ff3e4dd1-3569-35aa-b148-ea900237659d,-24.8900618,25.8582544,0,0.23088875077688
647,48b129d3-f71c-362d-b95e-7071c4d2ed5c,-24.6812066,25.9686877,0,1.0
648,5caa76d6-1c05-372e-9ca2-2577991191c3,-24.1357145,21.2575537,1,0.30391547545059044
649,db8d9e33-2e0b-38fa-8693-bed1ce565ccf,-24.9946636,25.3152243,1,0.8017402113113735
650,ec92ae68-905c-360a-b330-5407d5a690b1,-25.3132666,25.5338567,0,0.4005593536357986
651,ca476413-bf24-307b-841a-9b16d4ea78fd,-23.4121235,21.6026802,1,0.3701056556867619
652,00b72657-f44b-33d7-85f2-a6ffb517bdf8,-23.1227576,26.7855926,0,0.7209446861404599
653,f1aaaa6e-5924-39d4-8bd8-5f3b1f1830b2,-24.9982619,25.3394829,1,0.5963331261653201
654,470dc003-2191-3456-be73-a5160fe3cdc7,-22.850745,26.8961763,0,0.2252952144188937
655,851d1f66-62aa-36dd-90fd-53024d139999,-21.9698771,27.8644233,1,0.6634555624611559
656,12ac0c5f-56ed-32be-bffc-3b67d68b8954,-21.4208125,25.5815496,1,0.6047234307022995
657,1e457594-6978-3308-914e-531627181550,-23.6820871,22.7762863,1,0.6740211311373524
658,417f3da6-12b8-306f-86f2-af7f01eabaac,-21.0603965,27.2433657,0,0.18116842759477936
659,73a956bd-4374-3e3a-886d-c1ac5766e71c,-20.1095999,26.3742203,0,0.1979490366687383
660,9948feeb-9238-35af-ac84-d3075b77882c,-24.3969571,26.0986039,1,0.7007458048477315
661,0d5ae79c-a0c8-3155-acc1-38db3f2f54e3,-21.0904355,26.329368,0,0.30950901180857676
662,999e56f7-0776-328d-8338-1225ddd70e45,-18.2953959,21.7895173,0,0.2697327532628962
663,6fcb6ef8-af2d-3d0e-87e4-a81bed058193,-22.7181185,27.3125097,0,0.22156619018023616
664,08cfde71-0704-35fd-a61a-0c8a443b0509,-21.031999,24.4013323,1,0.6407706650093226
665,185f6322-164d-3850-a175-ad1fd54ed922,-17.8002464,25.1613037,1,0.5845245494095711
666,295bbddb-b304-3d90-a9b9-e80dfea9b559,-20.499248,27.0654567,0,0.5801740211311374
667,44a2276e-c03d-3d16-b4e9-9a9bac8b6c5d,-21.471365,27.4620453,1,0.5851460534493474
668,65ea5388-ec1b-389b-8cbb-80472b55fc7d,-24.044096,24.8654562,0,0.37352392790553135
669,f0c28fc8-63fc-32f0-8920-80dca26f5151,-23.6610101,21.5112803,1,0.29770043505282784
670,0a1b140d-c84f-326e-be65-ddc9732accf2,-22.949211,26.2384883,0,0.20540708514605344
671,9d3b158e-d7bf-3166-9134-5cd3ac8bbf9f,-24.6956076,25.8947236,1,0.5767557489123679
672,5dfb385e-dfbf-34a8-8dbd-ac5ac7c431d8,-24.7357848,25.2494178,0,0.30329397141081416
673,9bd89ab5-c89b-3f06-9fbe-9ce353f54166,-25.4017341,25.4350633,0,0.2541951522684897
674,1b4b35a8-a9b3-3251-9854-78ac2121ab67,-18.6003155,22.9128787,0,0.3287756370416407
675,3f1d0f42-32aa-3402-8b06-8aa5dfd78e10,-21.979341,27.8235113,0,0.8359229334990678
676,1f6d4c76-76ad-39d1-99d2-f167372b0264,-18.3892319,21.8434003,0,0.4117464263517713
677,ebf03f8a-ff90-3333-a808-e5134230ca28,-20.4253637,23.3299989,1,0.1998135487880671
678,4b7f91a5-e5c4-3b0e-861e-193d7e9ab8fd,-21.9689521,28.3963644,0,0.557799875699192
679,599662be-abed-32bf-8ab2-ed1b8b5c10b2,-24.0147451,21.7817303,1,0.3393412057178371
680,898674da-9ec7-382c-8e7a-ca52ca9dc3ce,-24.6512318,25.8739675,1,0.6646985705407085
681,7211a7e2-350c-3873-8f73-e0061d590f2c,-22.849266,27.3419393,0,0.14853946550652578
682,85f80bca-681d-3495-93ac-f465c01dfe34,-26.0209072,22.4192193,1,0.4425108763206961
683,939bb276-9b5d-3367-9694-755518b9acdb,-18.4474535,21.8953193,1,0.34804226227470475
684,5056e800-8607-335e-a6f5-2c8f38a4e4f2,-19.99958,23.3877918,0,0.5543816034804225
685,333346cd-cac3-3608-8bee-37fea5b685ec,-21.406083,25.5818883,0,0.6255438160348042
686,e60e566c-dd08-3646-9477-62ad96c76587,-21.1955265,27.472611,0,0.6824114356743318
687,7d00d767-29f4-328a-9a49-c69cb781bb6d,-24.4227238,26.0324161,1,0.6591050341827221
688,0e448811-b201-32ed-99d4-997814e75e84,-19.0160607,22.3139545,0,0.6796146674953387
689,565a4bd5-e3e2-35c7-8b7d-198860b27d33,-21.710385,21.6386383,1,0.6016159105034182
690,67d19b0c-0ec3-3da8-a658-7666eda0d6f7,-19.8507795,23.5874667,0,0.1426351771286513
691,3537f3ab-f08b-36bb-9735-3c3321ff8ece,-23.1314331,26.8032773,0,0.7209446861404599
692,e5a492f7-3a87-3737-9c8c-0629c5383077,-22.5362651,27.1315245,1,0.78402734617775
693,20584b71-1da6-3196-bd54-4f7017801ea1,-18.3521869,21.9578073,0,0.3216283405842138
694,698ef57a-8d3c-38fa-9668-b22d6981c6dd,-21.392851,27.4332383,0,0.516780609073959
695,7a80ca7e-ba94-3ed6-b257-20006f23a57c,-19.3756919,22.1559583,0,0.6957737725295214
696,e688dca1-7f00-3c03-8fe7-762b67ddb6c2,-22.428694,26.6934723,0,0.48415164698570534
697,fa15c165-1233-3d3f-b722-dd0fae20eaf1,-19.1854135,23.9998747,0,0.2579241765071473
698,4d0aeb6b-c072-3fe0-b9a5-0d4dbaaad4e4,-24.6123472,25.9098789,1,0.7566811684275948
699,70deb0aa-f685-3f44-8a34-63bf60d17680,-22.600001,26.3847163,0,0.24083281541330015
700,fafcb7ff-9078-34e6-9211-a9fbf65dcf70,-21.997759,28.4140243,1,0.6134244872591672
701,64b92a0b-7759-38da-815a-0d31286c51ea,-23.359571,25.6752853,1,0.0
702,22660f4a-8e91-3b69-bd99-c13533033868,-24.3884696,25.5985647,0,0.25233064014916096
703,c2a20d1d-9b7a-3fb4-8e57-0e650b0dca45,-21.017539,24.4116943,0,0.27874456183965196
704,115d3e8f-8860-3116-bdb2-158424738d3d,-24.740905,21.8724143,1,0.29676817899316343
705,e500ce27-096c-3e9f-ab34-8fe07b5860a0,-24.6372693,23.54523,1,0.19546302050963327
706,7667f43c-42ea-3175-b8ad-182e959f99b6,-24.8307621,24.6713179,1,0.27719080174021127
707,adda2f5f-9945-3586-bae9-fed149b10fb6,-24.646823,25.8252881,0,0.6786824114356744
708,6bfab9b5-73e7-32a2-a80d-aeda25b799dd,-21.186132,27.4540077,0,0.5105655686761964
709,34c09eae-a193-357c-919e-517db64a3444,-21.1650602,27.5394577,0,0.5584213797389683
710,91dcafd5-b6b8-3da0-b4a4-28155607c3d0,-20.3795495,22.8429077,0,0.3206960845245494
711,147270f1-442e-356a-99c4-2030d7479812,-20.2102547,26.1966044,0,0.6059664387818521
712,ea67fc22-4689-301e-bb15-8faacebcfc1b,-20.9445235,27.2608217,0,0.16935985083903043
713,2eeb7040-1ca3-3676-a4f5-5e21af2b4e07,-24.06029,23.3714313,0,0.17464263517712864
714,bc1a0f9e-423e-3ed2-9357-6d07055a3181,-24.3566496,26.1579477,0,0.6109384711000622
715,ba73cf73-90d1-3567-8679-ab1995a92e40,-20.0153,23.4522395,1,0.42448725916718455
716,690006b1-bf3a-3ad7-a829-f760496e4fbf,-21.08133,27.1347113,0,0.18676196395276567
717,190dc6fb-8f9b-3ba7-a229-7377718eabf5,-24.3291942,23.6223811,1,0.4353635798632691
718,911cb86b-ca3e-3cfa-9109-0957354c8d51,-25.5421891,25.4915253,0,0.34182722187694214
719,4b84b2c6-f441-32fb-b68f-37272e45347f,-21.483799,27.7795413,0,0.18769422001243008
720,0d37c85e-ac14-3a83-92fb-d34e0ceac98e,-22.4388545,26.7707657,0,0.5177128651336234
721,aab571f5-75a8-324a-8020-5c19e8db6227,-20.015205,23.4537617,1,0.42448725916718455
722,db27eb90-c78f-3f2b-bd66-4e7b131d050a,-25.186135,25.6932638,0,0.8216283405842139
723,d3255286-abaf-3ceb-a269-056b6fbece7d,-24.7816806,24.4497217,1,0.1668738346799254
724,2cf9c4d6-79bd-318c-a106-e201ef6211b6,-24.1897001,25.2053843,1,0.3216283405842138
725,df37c0a4-eda6-3e30-9505-4c605a676253,-19.0163819,22.3136833,0,0.6796146674953387
726,69c07900-6e07-313b-b722-91cf93dbfdd4,-24.6495285,25.3285597,1,0.2579241765071473
727,800032bb-ece4-3cbe-a4a5-b56de563a990,-24.7634896,25.7265207,0,0.3337476693598508
728,dcd77e41-1185-3af8-86da-4337c369c4bb,-24.6924466,25.6034667,0,0.21628340584213795
729,2f7f655f-41e1-346c-96d6-715d4a2b91ae,-22.189163,27.9520053,1,0.620261031696706
730,2f698c42-0a46-336a-b926-ae9803d538f0,-18.97333,21.3000413,0,0.28060907395898077
731,68ef8115-b019-337f-ae9b-44d106c3615f,-24.666548,25.9394211,0,0.7010565568676197
732,caf2eb14-9d63-35aa-aa8d-659d07def048,-21.679335,26.7534303,0,0.2706650093225606
733,ecbbfcc9-d46f-314e-ba81-2b8ff62325f5,-21.5189795,21.9458047,1,0.4558732131758857
734,dc10b3f5-263f-3376-b685-85d513fc2fcd,-23.0950051,26.8148963,0,0.6292728402734618
735,19a7c966-a070-3913-99f5-96268203589c,-24.9945039,25.3152243,0,0.8017402113113735
736,d046b06f-b291-3416-8ebe-2475b12d177f,-25.861596,22.4318743,1,0.17650714729645742
737,310f4e31-346c-3f19-88c7-49ac576eb3e2,-25.024695,25.7466503,1,0.43380981976382843
738,54f5fc94-09d9-3575-8e1a-6fd420a886e7,-24.6552917,25.9194035,1,0.795835922933499
739,776f2a1c-18c3-3df6-80b7-4f665bbea662,-24.4095459,25.4885712,1,0.6634555624611559
740,c5a066d1-a59f-327f-8ec4-eddf2a23db2d,-24.4014541,26.1569008,1,0.7638284648850218
741,d9376511-7727-3150-8a6d-5d64d886f58a,-24.981935,25.0763291,1,0.28620261031696703
742,c7fb4e9a-7de0-3db2-bbdb-89f41eb2f4b7,-24.7068247,25.8758096,1,0.5587321317588565
743,0020c367-c17b-364c-a009-344d2bf7fc83,-25.2294473,25.6864884,1,0.6808576755748912
744,75e1f1dc-9682-3a93-897d-231a989c5701,-24.9948273,25.314906,1,0.8017402113113735
745,e3f8db00-2d2c-3f4c-b005-e02992436ed8,-24.3754937,25.5159831,1,0.6889372280919825
746,d9adf7fe-97eb-3e6d-b5b4-49804b494d11,-24.395007,26.1408158,1,0.723741454319453
747,294bd217-b0f5-323b-8c9c-bce1a82ca2b1,-23.0943731,26.8352652,1,0.5839030453697949
748,dcb03138-5e9b-3c26-8489-5d40076fcef0,-21.1707082,27.5022351,1,0.6469857054070851
749,7825d246-d4a9-3777-af7e-110ecaac5212,-25.2278581,25.6886523,1,0.6808576755748912
750,b0cd81da-b9c8-357a-a152-e612463e96ea,-20.902285,27.0684843,1,0.39434431323803604
751,ce03adba-a9ae-30f5-bac8-ca97bf6de22c,-20.0097156,23.4225029,1,0.6600372902423864
752,b9c11981-f035-350e-89bd-f62a9a0a193c,-25.2043102,25.6742978,1,0.6780609073958981
753,1dc91efd-7fc5-30f2-88cc-695d621aefdb,-22.677748,27.6093183,1,0.2650714729645743
754,4dbdad0a-d5d5-3c2b-a575-a159c143c691,-22.562521,27.0536284,1,0.3669981354878807
755,373c435b-0b89-3378-b0ee-a13adf23f997,-24.8742993,25.8593112,1,0.8219390926041019
756,cf27f63f-fb80-3ec3-912f-23cc46006d81,-21.690554,21.6492333,1,0.6960845245494096
757,d852eb18-6d97-352c-9703-1e6cdb67311d,-24.6722902,25.9781753,1,0.7675574891236793
758,c6ae2752-13be-3471-9aad-8b766a713bd5,-21.4218256,27.4469375,1,0.7448725916718459
759,6b970371-4950-3e43-a6b5-21a3ed2003ba,-22.413243,26.7452315,1,0.5932256059664387
760,f79b8d92-88e9-33f8-a25d-a1ba622278ce,-21.1672726,27.4917285,1,0.6469857054070851
761,5bf662fa-0610-3ab8-95a2-14ceae36b694,-24.8653247,25.8540594,1,0.5686761963952766
762,b554c1f8-eec8-3469-98f3-b42879f15391,-23.077343,26.8114042,1,0.5742697327532629
763,f5622f5e-a624-3c0f-beae-df85cf55c28d,-21.1688223,27.5033993,1,0.6469857054070851
764,393afcae-a4c5-3cf9-952c-e7c180121636,-24.6774137,25.9082014,1,0.7265382224984462
765,511fb06d-04c3-381b-a93f-a2b2abc10f8f,-21.9632398,27.8182569,1,0.26165320074580484
766,ef05f711-ce2b-33f3-bd7b-30a391544568,-19.9947495,23.4012116,1,0.6600372902423864
767,a7ee1b5f-77e5-31f9-ad2d-8855065ed702,-21.9912876,28.4175968,1,0.6134244872591672
768,48c52c4d-4e87-3bfa-93b5-634ee5709910,-21.9735588,28.404926,1,0.557799875699192
769,9bf65df5-303a-372a-bf45-9eb25ba2afed,-22.4316435,26.7006183,1,0.4297700435052828
770,093e29b3-10c0-3773-9efd-c57598b80d53,-21.422796,25.5801953,1,0.6047234307022995
771,a9da9868-f087-35e2-a652-80befdf25ae8,-22.5578448,27.084158,1,0.5515848353014294
772,03771cad-2722-3d49-8dda-f179432a5b59,-24.7629461,25.4185009,1,0.6597265382224985
773,49acfa93-5d57-36af-88d3-6ef11b0c41c3,-17.7879155,25.1602489,1,0.45525170913610935
774,9642b807-31bc-3929-81dd-f6a6e9397c6c,-23.663496,22.7860363,1,0.3812927284027346
775,7df44b1c-38fc-32aa-9afa-b0ddd6e3d95e,-19.3737129,22.1570263,1,0.6957737725295214
776,ac76e4b5-e7a9-352f-b129-07f10f01f027,-24.0231554,26.314265,1,0.6559975139838409
777,ce1bc472-a1fc-3bf5-802d-65d7692a7f31,-25.0289852,25.7395238,1,0.4894344313238036
778,23969756-c9d9-31ac-bd92-d452116bcc73,-20.550011,27.5805453,1,0.3520820385332505
779,4512ce32-73c4-3cd9-914e-262c8db38e1e,-21.0010358,27.3334288,1,0.7911746426351772
780,3357f1ef-2536-3a57-b0c4-3626ab035e50,-23.9895918,21.7829274,1,0.8054692355500309
781,2dc756cb-84e5-33ac-b78b-6242d030d1d4,-22.797112,27.7568233,1,0.2734617775015537
782,9d80179f-62ab-31b5-a44d-c38d0c725047,-21.887355,27.7598343,1,0.4067743940335612
783,cc138b8a-eb7b-3845-b83e-1a6aab757493,-24.621213,25.9374046,1,0.7902423865755128
784,4a632cfe-2f7a-3713-911d-67c991ac0e02,-24.954864,25.3259483,1,0.5789310130515848
785,bf20f1a9-e2b7-3714-9ef1-453dd8deca21,-22.6077934,27.640605,1,0.4083281541330019
786,1f73f374-d52e-3a86-ac13-7c1204ba40d0,-21.974967,27.8542873,1,0.8359229334990678
787,7e09d738-ae14-348e-80fa-d71d0828c34b,-22.36917,26.6853703,1,0.37756370416407703
788,0d60f2f5-c6d6-3969-87f0-52be4a6fa23d,-25.729208,25.0922487,1,0.31945307644499693
789,37c10da0-c3d0-39a4-875f-49239c29d4d4,-23.1077961,26.8299445,1,0.6246115599751397
790,f0e1480d-1812-31b0-b7cc-e92fe0d82b94,-21.0284225,24.4094437,1,0.6407706650093226
791,8026f5d5-a8ab-301c-9745-ff5bf2909fae,-23.0295525,27.5246143,1,0.7324425108763207
792,db4c1027-1a41-38ed-b67f-995c8a219b19,-24.6630036,25.5524117,1,0.5960223741454319
793,0b6b27e8-b755-3fa3-b492-93a4f6f59025,-24.6022611,26.4314803,1,0.1668738346799254
794,283cf4e4-00c6-3a56-a81d-6cba6cd6a3ce,-25.4699211,25.588405,1,0.4676817899316345
795,71d1baf0-f34b-3ecd-a0f3-5f25745be72f,-20.80269,27.2622173,1,0.37352392790553135
796,94a50d54-bc1c-3aa0-8982-4de914aa1358,-23.0581369,26.4984492,1,0.6003729024238658
797,a0694a6b-190c-3c42-9f99-b0b813ed2aba,-21.4203846,27.4392758,1,0.4481044126786824
798,6d15eb45-db41-31b5-898b-5b615eba8d1d,-20.506094,27.4324303,1,0.4381603480422622
799,2d963ffe-3fd4-381e-b1fb-dd7b8e53776c,-24.655755,25.798124,1,0.5584213797389683
800,d97a50c3-ddc8-391a-ab02-b3d7049b2490,-24.6626128,25.8857849,1,0.7165941578620261
801,e6a2e05f-9194-3c8c-9721-06df312de529,-24.3729141,26.1723833,1,0.5752019888129273
802,0673b68f-a73c-3c90-9e27-30b35f729f84,-24.6535521,25.7020173,1,0.4838408949658173
803,09baae88-0e9b-3e51-9a14-65621b5537a6,-20.2093294,25.250078,1,0.47669359850839027
804,a0b977b0-f720-3d24-8ce7-a629a3959785,-20.719751,27.5852013,1,0.5304536979490366
805,aae9697d-164e-3269-9795-52b901d12e48,-20.6529496,27.2323276,1,0.3247358607830951
806,3bbed5cc-1d12-305f-aa3f-a180921f1297,-20.6350597,27.4547233,1,0.4509011808576756
807,c1d90f9a-1bc4-39d3-98fe-e387a4afa46a,-21.147233,27.4899483,1,0.6392169049098819
808,ae55f42d-6f9c-3d86-ad3d-cd2d3da07d7d,-24.6049084,24.7356266,1,0.7703542573026725
809,7b766afc-c4c6-354a-b9ba-c724d6b4bdc2,-20.118701,27.2074063,1,0.30236171535114975
810,4902f765-c8e6-33e0-81ef-965a008d1230,-24.1176851,25.0232933,1,0.42417650714729643
811,5eef94d5-9cf5-3512-9c91-4a778215aa9c,-20.3007438,27.147825,1,0.492852703542573
812,6987a1c1-bdd6-3d45-84e2-73adab38bd1f,-21.332399,25.3744283,1,0.6056556867619639
813,a335af8f-e07e-395b-940f-3e4622d0973a,-24.3942144,26.0942937,1,0.7007458048477315
814,b113edf0-b1da-3356-b140-39bbd1893a18,-24.6799269,25.9086151,1,0.7265382224984462
815,06a3f7a5-33bd-3eef-93db-e4a8a644f54d,-20.492365,27.0252613,1,0.4950279676817899
816,15eb309f-7064-3aab-93e7-874f0d33343b,-21.3977936,25.5812888,1,0.6255438160348042
817,080463ed-041f-3a70-98d1-bcfbf57b11d2,-20.5627288,26.2185833,1,0.8225605966438783
818,297a12e1-c017-39b1-a895-320844b6cd67,-26.6547002,21.8868003,1,0.5795525170913611
819,11575b97-a2e5-380a-9f99-5c50ddefe9a0,-24.3948857,25.5660653,1,0.6861404599129896
820,78eab5cb-7308-39c8-b0c8-a99eacfe6f1b,-24.4002201,23.5638963,1,0.39030453697949036
821,5376ed58-4f0c-3264-906f-5d3fc15067d2,-21.9853916,27.8291889,1,0.5885643256681168
822,554460e0-f0d9-342f-b6cd-e6b302dfb573,-22.538896,27.1344663,1,0.78402734617775
823,6dc8f379-48ae-3be6-a800-6a474f29323f,-25.010189,25.3463868,1,0.47172156619018024
824,466061b1-c9bb-3501-90b9-1ae99ed3ec7d,-21.9837318,28.4433675,1,0.4238657551274083
825,14989cf7-eeba-34db-8ce2-d5e73ee5a5bb,-21.3935389,25.5811601,1,0.6255438160348042
826,47d5435e-19da-3c4e-8450-7331e2881835,-24.2442826,25.8620887,1,0.28402734617775016
827,470b0834-e58b-35ae-91e1-f9f7c10865f0,-20.484906,22.6840043,1,0.5487880671224363
828,d451c571-d803-31f6-8aca-a2448558a191,-18.7343979,22.1589913,1,0.427905531385954
829,5337e796-a6b2-33f2-b4da-56b85c822c0b,-22.38518,26.7393163,1,0.6295835922933498
830,aaa8b550-9928-3ca6-b4cc-e929bad712b0,-18.3878843,21.8233963,1,0.5565568676196395
831,dee1370e-9d42-3d2b-9680-802b523800ec,-20.210294,26.2098743,1,0.6059664387818521
832,e46f19b7-bb78-314b-96ae-f397f0de55b6,-24.8056977,25.4253673,1,0.6507147296457426
833,1cf6d982-52ed-377b-b799-cd6f668158f6,-24.8550887,25.8556473,1,0.5686761963952766
834,6ce4b684-7757-32bc-872e-8f914107dd8b,-21.980639,27.8678393,1,0.6634555624611559
835,736201d9-d4cc-39bb-9064-2a4e73cbc27c,-24.433319,26.0421249,1,0.7119328775637042
836,699abcb9-0b86-3291-bcf9-6e6863a94346,-24.3982619,25.4656484,1,0.5155376009944064
837,ef19d1c1-8114-3f82-9b23-b7101dac96ec,-21.1685232,27.538712,1,0.7439403356121815
838,c7f35615-eeca-3dbd-903c-16332bfbe504,-24.9800641,25.5899263,1,0.23927905531385954
839,81d04e00-fc66-335d-b59a-5dfa0899d4d7,-21.2072037,27.5224685,1,0.7939714108141702
840,c157ed0d-9e3b-375f-89e7-3dbe174dbf23,-22.7242688,27.4111848,1,0.36140459912989437
841,8e66ff38-712a-326c-ab25-caaa0c647f07,-25.6471011,25.4071243,1,0.43598508390304536
842,e33857e3-c2e7-3a80-9ba0-bd2a87317966,-22.4358398,26.7586784,1,0.6606587942821628
843,c760534a-37a7-3311-951f-52231aa763e8,-24.4859866,25.8872814,1,0.8154133001864511
844,76c3a4b8-b2c1-3aa8-a826-cf631091db28,-21.4599335,27.4629021,1,0.5851460534493474
845,406d5c67-82c3-315e-83ab-9a94e15a8e31,-25.1990414,25.6918528,1,0.8216283405842139
846,c42a0fc0-b72e-3882-b718-36d7b055f53f,-24.6565025,25.889378,1,0.7165941578620261
847,d5458902-dd73-3776-9ddf-0e934da0b5ef,-25.307901,25.2559927,1,0.382224984462399
848,6557a029-b4cd-386e-869b-828551fe2608,-24.6285101,25.8370465,1,0.6786824114356744
849,551871ce-f9f4-37ad-b4cb-d20b623dca3f,-23.6656039,22.7966255,1,0.5270354257302672
850,75737890-c869-366c-8aea-f857ac0018ff,-23.1371391,26.8102723,1,0.6612802983219391
851,d38c68df-eb23-36c3-83c6-81b86063b31a,-24.6671812,25.932313,1,0.8085767557489123
852,28e11263-7014-3678-968b-23a6c3645ca2,-24.4183321,26.1412243,1,0.7538844002486017
853,b43f3288-bf2a-3f46-885e-c34edb3fdc50,-22.2825576,20.0772323,1,0.704164077066501
854,d4f61243-37cd-3a08-a80d-49577c98ba15,-22.3315428,27.8165668,1,0.336544437538844
855,e1b2b642-1e43-3fd2-bf98-98417ee893af,-24.7207153,25.6683881,1,0.26817899316345556
856,03d02d22-db88-3075-8a18-660d417fece4,-24.9915766,25.3700065,1,0.6305158483530142
857,26b49731-b7db-347f-9cd7-f33a36e99673,-22.422746,28.4031353,1,0.22374145431945308
858,fb5566fe-a307-39f1-81ab-ac5a38bd4b84,-22.1705795,20.8558447,1,0.3119950279676818
859,6ef6d674-a8ff-3e18-bbf8-af47525b30a9,-19.9954829,23.4398323,1,0.78402734617775
860,9ac4815b-0491-3eff-813e-0db1f032fd15,-24.9172881,25.4604173,1,0.351149782473586
861,f46c297b-a009-31e7-884d-a56fe3b23a06,-21.911796,27.2982213,1,0.4679925419515227
862,3a43f378-7e6c-3d05-8230-8fcceeb173b4,-20.209484,25.2480393,1,0.47669359850839027
863,5eed4803-c25c-326a-b820-89538daa1614,-19.1262489,22.2927033,1,0.26600372902423863
864,19d077c6-af1c-32e1-92c6-8150454312d4,-21.844221,28.7231303,1,0.32660037290242383
865,66e2bfc2-3b58-3bfa-ad94-29a38f556bc8,-22.940007,26.5658197,1,0.4129894344313238
866,9abb7064-58cd-3bc8-880f-d5fa15da839f,-22.3880152,27.5792675,1,0.34027346177750156
867,97fd5687-0615-3221-9434-60005ea5b40c,-21.9796862,27.8192031,1,0.8359229334990678
868,941ac334-67fd-35b5-821f-bff929e8bef0,-23.126406,20.2748103,1,0.3623368551895587
869,6f9d25c1-f08c-3925-94af-7afeabb553a9,-25.756058,24.5520613,1,0.31883157240522064
870,eb926859-59fc-3e00-b317-c429402329c9,-23.441907,25.7371353,1,0.3213175885643257
871,1b2d3902-45de-3d38-9a90-849477666cb5,-21.3108846,27.8825585,1,0.36513362336855193
872,706a6c4d-50ee-3da3-a2ff-e291beab9e4d,-19.9951167,23.4152696,1,0.6600372902423864
873,19769db3-4c6e-36aa-8525-30354d07f8ce,-24.987071,25.6992383,1,0.3983840894965817
874,33ed390e-38fb-3d22-bb78-3ae03b68e3a1,-21.2017802,27.522656,1,0.7939714108141702
875,5f749546-3624-39de-b283-dd294483ae82,-22.642293,26.3942873,1,0.42728402734617776
876,f23e0ed4-c671-3572-8da4-753e95bc1083,-24.6090005,25.946542,1,0.7902423865755128
877,efbf5b0d-9bf0-3216-95f8-f963aa7d64f6,-18.8175672,22.4174255,1,0.4906774394033561
878,d49a5809-f032-390d-a6d1-d8fc6bc46ebc,-25.3281701,25.5566144,1,0.59136109384711
879,ddd2c819-443e-340d-942e-3b0f0801d8b2,-24.5607228,26.0439461,1,0.4459291485394655
880,714e539a-6894-3224-93cc-d687ca309824,-20.525377,27.0625293,1,0.47016780609073955
881,a5d19549-f308-3a13-b113-ff494dae398b,-22.879372,27.5340493,1,0.4978247358607831
882,b90db595-db06-342c-bc89-046e8c020f96,-20.8390725,27.6336837,1,0.5637041640770665
883,a4404514-9e6d-3924-857c-f935d95698cd,-20.8130872,27.2079538,1,0.5052827843380981
884,fb8fdd01-3233-3c19-8c06-019935250253,-25.2745136,23.2818717,1,0.5475450590428838
885,2693ecc9-97da-3ee2-8eea-54837fac40a3,-22.417583,26.6791333,1,0.48415164698570534
886,7d209f8c-6ea8-3312-982c-7b9b9f18bf1d,-25.2086589,25.5698822,1,0.5074580484773151
887,6dd4bc76-ef06-3f5a-8411-ef7c362f6b18,-22.5611584,27.1012893,1,0.6615910503418272
888,311dbe41-eccc-33e1-af1f-21b60697b7b8,-20.554196,27.3156713,1,0.24766935985083902
889,6f0b6d1a-8a80-3474-95a1-e55b588340d8,-20.330475,23.8839773,1,0.4269732753262896
890,252d06d1-ebcd-367d-9cdb-f8890097eded,-24.6393486,25.9258454,1,0.7206339341205718
891,f620814c-4aa9-3fbe-b874-f360cb241c2f,-25.0844711,25.4431813,1,0.32784338098197635
892,6be4623a-39d8-3340-aae4-4c94d51cf348,-22.733051,27.5709763,1,0.5220633934120572
893,9b1a482e-db92-3e82-8be7-f937e677a0b4,-21.864576,26.4286013,1,0.27252952144188936
894,d2a7a582-ac12-3914-9bb1-98b07d924978,-22.6570938,27.2229489,1,0.4683032939714108
895,06388181-f2a8-35a4-9d9e-c2f62cd3d5a5,-22.083273,28.5898683,1,0.2964574269732753
896,f32ab9f0-de27-3563-ad93-de08b8403790,-24.713396,23.5013043,1,0.24798011187072713
897,f64e11ef-eb79-3fe5-b137-42ee74581733,-23.6854481,26.6697041,1,0.38440024860161587
898,7064f1fe-e3ec-3339-8088-ce5fa67e1fb8,-23.1864543,27.487463,1,0.28309509011808576
899,ed02334d-bdc7-3ad5-9826-2c2dc3b224a7,-24.9752168,25.3014105,1,0.7122436295835922
900,25316e0d-6e96-362b-8d53-55de3d4be10a,-22.226683,26.8154393,1,0.3064014916096955
901,341cd662-965b-3784-8006-2e6393ae8b4f,-20.5700905,27.7087707,1,0.28651336233685515
902,e75d8598-fda4-39aa-b3d8-38073d791965,-22.858572,27.4121973,1,0.5130515848353014
903,38bab9cc-ae4e-37be-bf89-4a7e3e1b1444,-21.452789,27.4476453,1,0.6758856432566811
904,6a123e76-dd12-3896-b6d3-cb0954ad699d,-22.1973157,27.9594311,1,0.620261031696706
905,3771d053-3d32-340e-9f80-09f14580cfd1,-21.296673,27.4673503,1,0.5515848353014294
906,40bf62d1-5cd4-31fa-b8c8-6922c712ed73,-24.6613775,25.9809675,1,0.8489745183343692
907,cfa4059c-a329-3abc-a8ed-d5c5cee5d177,-20.508525,27.1880173,1,0.2889993784959602
908,8652b294-1473-3930-85f6-977fb8b42f2c,-24.6103153,25.8841893,1,0.6985705407085147
909,9f132c6d-8e07-3dab-b9d5-21a802b75613,-24.6930778,25.5128583,1,0.6373523927905532
910,4bd4936d-843d-3d3e-8c4e-7d254ffaf084,-25.4749811,25.4160013,1,0.6646985705407085
911,735e9691-d488-383b-9368-99ccecea2e5d,-22.365122,26.7219323,1,0.7315102548166563
912,287dcc85-9462-3899-ab21-7e7045c9db0f,-23.1122374,26.8556392,1,0.5944686140459913
913,f95fbb87-c3eb-3060-a7d9-4771cdd8e7b5,-25.185669,25.694094,1,0.8216283405842139
914,ed3ead1f-6526-3a62-9358-c19d508baa67,-19.9584895,23.4538617,1,0.3974518334369173
915,0b4982e2-4621-3549-bd4d-baab237f525b,-24.7812109,25.837556,1,0.45649471721566187
916,30edb8fc-2fb2-34c1-a5f9-bb5929e733b9,-21.1902387,27.5511978,1,0.8095090118085767
917,9fcb8ec0-fd2b-3fe8-82d8-f6f7392dbb52,-24.8433537,25.8135615,1,0.5901180857675575
918,a776124f-9a7a-3c09-9f8d-c4a1b2106bb0,-21.2132182,24.8930882,1,0.4313238036047234
919,1eae3f7a-306f-321a-b82c-20818e69f160,-24.6474776,25.8962016,1,0.7165941578620261
920,2e03026b-25ad-3853-99b8-2f982d1e0c6b,-20.5602145,26.2130794,1,0.8225605966438783
921,81b54efc-59ff-36cb-b4b2-53022b0c52e5,-22.7888715,27.0009797,1,0.34027346177750156
922,3a9875cb-2c50-3544-984b-69d66906505c,-20.1647465,22.4571907,1,0.46084524549409567
923,23be08d3-4c8b-3bf6-b6a9-4d625ce03c3b,-24.2957295,26.1620179,1,0.44748290863890616
924,23d4804e-cc0d-3c69-9502-17521a85568a,-23.4064704,27.1287498,1,0.4052206339341205
925,dc9fe0e8-075d-33f4-806c-2934e0e8513e,-24.5556981,25.7959263,1,0.5758234928527035
926,a062da60-b5f5-33f3-9398-cc5632415f27,-24.6088882,25.9488836,1,0.7902423865755128
927,2b1a6baf-7923-337b-a9c0-f63d5aea2bc1,-22.9910397,27.6711059,1,0.5739589807333748
928,e4e06237-2f75-39d1-ab5d-ce7f3f01595f,-24.3718436,25.5443287,1,0.8191423244251088
929,9490d42a-dd95-3c71-8ee8-4362275748f2,-24.7584768,25.4234094,1,0.5139838408949658
930,decf057f-fe2d-3df0-8d37-4a61b11c1fb1,-21.998206,28.4227573,1,0.6134244872591672
931,5fb12b30-fa6b-3dcd-a339-7e38079c55d2,-23.039002,26.4698173,1,0.37973896830329396
932,a5e55411-e793-3592-9d3c-cf4f03cca7b2,-20.218709,24.1356803,1,0.47234307022995653
933,b0deefdc-ada3-32c3-9729-fa02e6a15216,-21.9967735,27.8451681,1,0.6640770665009322
934,feedab65-a4a3-318b-8fe4-d7be148fa1d1,-22.3986651,26.70524,1,0.853325046612803
935,815aa1c5-6d1d-3bd6-a868-684feb8ba4e6,-24.4151471,26.1671433,1,0.8480422622747048
936,d79a32f3-f184-32a6-befd-e1c6d1953f1f,-24.8809083,25.8511519,1,0.8219390926041019
937,c6881a4a-8c94-3414-a14d-0bbab059a909,-23.9164441,21.8502393,1,0.5124300807955252
938,e98aff98-86ca-3fee-93bd-65ffc4da9a3b,-23.699901,24.7053233,1,0.3287756370416407
939,ffc3e18f-b20e-36db-99cf-2656a69bc144,-24.422119,25.4673753,1,0.6146674953387197
940,d0f906a6-7496-301f-a614-f68c36258ae1,-24.894411,24.6293053,1,0.4617775015537601
941,9385300f-186b-3a04-a03a-99ac0a132ec8,-22.427217,26.5674293,1,0.37321317588564323
942,c34ec7ef-37cf-3346-bca3-9ea294d17549,-24.3596907,25.5289811,1,0.28620261031696703
943,e1fabe37-1d6e-3457-aa91-f1bd8bbbe867,-24.6855986,25.7847507,1,0.7016780609073959
944,3d755fd9-f204-3c78-b782-6585a1d3ea55,-23.1513399,26.8387038,1,0.2734617775015537
945,fe874330-f097-3ecc-abca-16f5e8040c00,-24.6180163,25.888407,1,0.6985705407085147
946,88a0b9f6-3d80-3ee7-a74c-66914a7a8e7f,-24.6545943,25.8648865,1,0.6646985705407085
947,4deb5905-4b5d-33d6-93c8-d257594ca27b,-23.8366366,25.2815698,1,0.2324425108763207
948,f475787d-db06-3e51-b8f1-52c96aacc7b5,-21.1340255,27.4956027,1,0.8113735239279055
949,f7f36e35-84a0-3176-97ea-ca84d248e020,-24.3509201,26.1483663,1,0.6109384711000622
950,d83e999a-015e-3e4e-a028-cadba604121c,-24.6111188,24.7211127,1,0.5354257302672467
951,a0db30c6-ac43-3322-a435-7376e4b696eb,-18.1474459,24.5112143,1,0.4804226227470478
952,b963d441-378e-37ad-b5b2-59065faad2f2,-21.9225397,28.046086,1,0.4418893722809198
953,0df2b34e-a042-376e-88b2-4da243915fa1,-24.6650398,25.862674,1,0.6646985705407085
954,d225d039-cffa-3bd0-a8d2-76baa8e57ac8,-24.6267844,25.8847976,1,0.6985705407085147
955,bbe30762-4f54-38b0-b232-8bb297885be0,-21.8712587,27.7296905,1,0.7050963331261654
956,1934310c-eebe-3f94-9e98-54d973697657,-21.9733716,28.4067285,1,0.557799875699192
957,363e464c-7b2c-3c4a-88b4-fd5d854de677,-24.9525587,25.3086387,1,0.6404599129894344
958,6e0fe5a2-a0ce-3b41-b661-7c732fab1dda,-21.22282,26.0333223,1,0.2756370416407707
959,205a4137-fd7f-3b36-a403-0ac47c7ddf1a,-20.6420749,27.4492162,1,0.4509011808576756
960,66a0d49f-966b-3875-a2b5-f71a6940beaa,-24.409915,25.4610865,1,0.43039154754505904
961,c9317298-bb47-3747-807c-e5aa0a4a5b5f,-21.682273,21.6492523,1,0.6960845245494096
962,ee588b76-4a2f-3a57-af8a-2532fbddb2f7,-20.4911266,27.0419292,1,0.5559353635798633
963,cd056d20-0eed-315c-af22-255f97d167ef,-23.0610085,26.5208516,1,0.1783716594157862
964,89117a77-d88b-350d-b0f9-c06df50534ab,-25.4647264,25.4096261,1,0.6646985705407085
965,7f00a1ad-4504-3fcd-ae84-7279c3d29eb5,-21.9033,27.7358193,1,0.4291485394655065
966,f9e8311a-4386-31b2-998b-f7d831f6cd0f,-19.9792979,23.4679233,1,0.6908017402113114
967,6824bbc1-35ff-3998-9ab2-7ffecc11fcef,-20.206971,26.2028773,1,0.6059664387818521
968,33b85391-5eb6-3561-9d6e-6bd061a6c200,-21.0952638,27.3365304,1,0.40304536979490363
969,0d043b77-c0c2-3acd-a725-674b4bad6240,-21.964533,27.8782027,1,0.6634555624611559
970,ba7d8883-1525-39b8-8cc6-5c239afcd09d,-21.2051699,27.4725745,1,0.6824114356743318
971,595ab769-24dd-3e96-a87e-504d81b64341,-24.620157,25.8521763,1,0.7753262896208826
972,70cfe335-04d8-378d-9010-9ac4ecae1070,-18.3568449,21.8370693,1,0.6159105034182722
973,b0625415-e35b-38b7-9f5a-1e30805c2677,-18.2940615,21.8626947,1,0.29179614667495335
974,c47771e5-14a1-3bfa-b807-b5ccb83cef26,-24.6760582,25.8777421,1,0.7924176507147296
975,d0d34d33-b67a-3284-8936-df8f4e7a7fbe,-24.0157041,24.3070023,1,0.4692355500310752
976,d5b6ddab-65a6-3c1d-b035-88d7a3bbfbe7,-26.0208542,22.4190533,1,0.4425108763206961
977,79e1eb2e-6dc8-3031-85fa-964736f2f205,-24.6034837,24.7327764,0,0.7703542573026725
978,a0987152-b2e6-3a63-8b7e-0f342f2405ca,-22.4340952,26.7569855,0,0.6606587942821628
979,9d623da0-7cf1-3e4e-9d9d-89fc9398e572,-24.3976842,25.4612583,0,0.5155376009944064
980,d488cf4b-d1b7-36cb-9868-9262527855e5,-24.6057989,25.916454,0,0.7054070851460534
981,40dec72f-a1a3-3de6-bfb1-a33f76269e2b,-24.383026,25.4826784,0,0.2734617775015537
982,73fbb2ec-fd00-3075-bd16-1ecf80611149,-18.4540537,22.0753956,0,0.2358607830950901
983,c9b0eec5-925d-3442-acd9-1d357750d61e,-24.6511562,25.8963795,0,0.7165941578620261
984,ea5d40de-9599-3a25-b4d8-2dfc7be9c4bf,-21.338597,25.3605813,0,0.6056556867619639
985,574d5945-c65c-32cd-a24d-11cc4e677281,-24.6223789,25.7889136,0,0.4670602858918583
986,546e04c4-44d1-3ef1-91ae-a95b5aeacb66,-24.4139839,25.3647983,0,0.43039154754505904
987,8b0f8c0d-2acc-3d16-a3db-b6f3e87eec71,-20.8998741,27.2804469,0,0.26817899316345556
988,ef646d51-eede-3b08-a0b1-0352ae3337b6,-21.337855,25.3728223,0,0.6056556867619639
989,74a919f9-009d-3d16-b6f2-0775f765c63b,-24.6116261,25.9491463,0,0.7902423865755128
990,c83ea245-245b-3d88-aaec-3a66404af363,-24.6293522,25.9427633,0,0.6901802361715351
991,a3e85615-830d-3ef8-ace7-ad4324149591,-21.1581269,27.5155432,0,0.584213797389683
992,458d59b4-9167-321f-a288-e6b170ed308f,-25.2351895,25.6635287,0,0.4683032939714108
993,59fdd338-d80b-3355-8492-994969eea94d,-23.1040075,26.8577027,0,0.5944686140459913
994,38522083-8fde-3a22-82e0-5373e07815a0,-19.9900088,23.4511975,0,0.6305158483530142
995,20ee8a05-e003-3184-9572-1031b153b234,-20.563896,26.2256173,0,0.8225605966438783
996,ddc96fd5-f160-3d5d-9052-cbaa1edcd4ab,-24.9881566,25.3511517,0,0.5963331261653201
997,b94a1a1d-28f6-3d87-84cb-f4f6acac5174,-24.6112123,25.9028801,0,0.6985705407085147
998,9bf38f26-01bb-3a63-90bb-317f230bb6ee,-24.6580269,25.5819448,0,0.7513983840894967
999,a450c43f-dac6-33e5-a83e-ec8c00a0705e,-24.6350449,25.9006302,0,0.5798632691112493
1000,66969268-a1af-32ea-a801-3d93c963d246,-21.1653946,27.5100791,0,0.584213797389683
1001,e99973e7-20e0-3da5-b274-f0f64d366ae2,-22.5305707,27.0377717,0,0.4909881914232443
1002,c1d7c0be-a1f8-3bb5-a766-8b3f18d37e26,-24.4067081,25.4560811,0,0.5155376009944064
1003,80779a61-54b5-3776-afc9-f5336900d6fb,-24.9939021,25.3160023,0,0.8017402113113735
1004,524ec3fc-4a77-3e42-b744-c766747c6868,-21.979772,27.8340716,0,0.8359229334990678
1005,0bd98b11-6252-31b2-99cd-10e99ac0f3c7,-20.0359992,23.4519807,0,0.45960223741454315
1006,a11473ba-bd85-3b32-bb01-19ebce3782ec,-24.6324732,25.8495073,0,0.7778123057799876
1007,1fc40e43-359e-3b4c-bfa2-3fa4dabd5717,-25.2290646,25.7018777,0,0.6808576755748912
1008,9d5689ed-9560-3053-9fd7-cd48b55acddc,-24.6717929,25.8793611,0,0.7924176507147296
1009,3b21890c-abca-3cd3-a6d3-ae9bc7eebbd8,-23.0655322,26.5044988,0,0.1783716594157862
1010,d73dfea2-088b-35c6-bd92-b889b9fb5340,-21.3322023,25.3613044,0,0.6056556867619639
1011,10a64e62-6e44-3de6-a44a-5a7d9fc38dae,-20.0328276,23.4370674,0,0.692355500310752
1012,cd428f20-91bf-392b-bf47-3db186875fed,-21.1908859,27.5420407,0,0.8095090118085767
1013,8c24a952-02f3-3df5-b2f5-246522c1036a,-21.9717648,27.8474406,0,0.8359229334990678
1014,6b11d884-aa69-30e3-8b55-4b62e00c19ea,-21.9824458,27.8322128,0,0.8359229334990678
1015,11e33cd0-97c5-369a-8297-011cd8b49bfe,-24.6330737,25.8885235,0,0.5798632691112493
1016,46707426-804a-3fd2-904a-1be9356206bf,-19.990095,23.4491905,0,0.6305158483530142
1017,36305bdb-9b15-3b41-858e-9d81f537ff44,-24.569831,25.9739854,0,0.6858297078931013
1018,5012da01-d6ea-318b-a22b-be2cbabaf359,-21.6871178,21.6468878,0,0.6960845245494096
1019,aa8baf3c-98cb-3156-a60e-adbc06f89efc,-24.6639851,25.8704213,0,0.6646985705407085
1020,f60c7d98-3279-33fe-add5-d771df89a786,-24.869046,25.8413605,0,0.8219390926041019
1021,995aaacb-6ad5-3105-bfb3-0f9ce81d3b82,-24.6584403,25.8605236,0,0.6252330640149161
1022,0daa97ca-f37b-36cd-8fd0-3279c705a246,-24.4128566,25.4874627,0,0.6146674953387197
1023,4d252569-768b-311d-b341-b2baf3344a5a,-21.451327,27.4606673,0,0.6758856432566811
1024,6b89d53b-1ab2-3be4-a775-b0fddbd9d531,-24.6702031,25.9776943,0,0.7675574891236793
1025,aeca9bd3-b50d-387e-9ebd-cb6402261cd5,-22.4151414,26.7377658,0,0.6401491609695463
1026,6c900d54-e936-3316-83dc-2ae5e65dd5ef,-24.634205,25.8785458,0,0.8126165320074581
1027,ae6d3406-2d55-3a6a-8816-9c99d96019a4,-24.6552303,25.9136298,0,0.795835922933499
1028,ccb86826-9231-3b80-a91a-f0116439a7ba,-21.167805,27.5099128,0,0.49596022374145426
1029,fba2c190-3370-356a-86fb-88b7425669b3,-24.6788672,25.9615381,0,1.0
1030,bf0e13a5-1a37-3e17-bd21-2615da43e5cf,-24.6778056,25.8837474,0,0.7924176507147296
