,giga_id_school,latitude,longitude,bin_internet_availability,norm_student_count,norm_Schools_within_3km,norm_pop_within_3km
3,185bafe0-8d87-3a75-b70e-ae9bb5935d15,-24.622995,25.8626712,0,0.24060751398880895,0.48,0.48834935636304383
4,0202c1c2-9a57-3360-b30e-352d9ba76fa3,-25.7576782,25.2168433,0,0.17426059152677859,0.08,0.012104564817616797
5,0c3ac86e-2dbb-33d6-b0db-3e1600e8fd91,-20.1328199,27.2186993,0,0.3117505995203837,0.08,0.05153751251192998
7,76098c42-2150-3461-a915-78365ecdc298,-20.2066273,25.2350806,0,0.2829736211031175,0.16,0.023208175236853746
10,4996e57e-73ad-3293-89bd-71e154c6cff7,-24.6538453,25.9136956,0,0.7146282973621103,0.92,0.523359482297074
11,e40d4fde-c8b9-3127-baca-7183487adb74,-20.2066273,25.2350806,0,0.4580335731414868,0.16,0.023208175236853746
12,ae8cfb5e-5843-38d2-a4f4-f907b341dec4,-25.7576782,25.2168433,0,0.06634692246203037,0.08,0.012104564817616797
13,04be441d-bafc-3772-b525-0491e88cb0db,-24.9859972,25.6978741,0,0.1774580335731415,0.08,0.14066900998626597
14,7c888d2e-4bbe-3c36-a241-903b983151f3,-20.1328199,27.2186993,0,0.6474820143884892,0.08,0.05153751251192998
15,1e53827b-e461-3aa3-9c7f-d317577c8b12,-24.6447436,25.847013,0,0.10471622701838529,0.44,0.3986591866663563
16,a749b574-f849-3b95-8ebb-9cefe5be0fbb,-24.6543768,25.560257,0,0.3212156389538051,0.16,0.035708466211969554
17,deb33736-7170-336a-9e60-54a6a7849fc7,-24.6748963,25.4556447,0,0.3212156389538051,0.04,0.0025605810191112457
18,7dd4b992-cc24-371b-811e-54a2607d8761,-24.6447436,25.847013,0,0.3212156389538051,0.44,0.3986591866663563
19,1856e0cb-66c9-3af9-a74e-9a53a5e64213,-24.622995,25.8626712,0,0.3212156389538051,0.48,0.48834935636304383
20,aa5c2c26-383c-3f25-b027-65e12aeff067,-24.5547355,25.373073,0,0.416466826538769,0.0,0.0018855187504364626
21,f16fe10e-3831-3e7f-848a-6e34bd7d8c3e,-24.4147381,25.364799,0,0.4940047961630695,0.04,0.0015130706022020996
22,61d13d89-3483-3257-b367-64bc4f710900,-24.6770331,25.9544492,0,0.5787370103916867,0.36,0.4344142088968551
27,1491a262-5c03-3dc7-b06a-c68404c4bf31,-24.3882364,25.5075556,0,0.6059152677857714,0.32,0.16930096138178263
28,5fa573ac-c71a-3b7e-828b-92ece1c9e19b,-25.6198242,25.4923482,0,0.04396482813749001,0.0,0.034102283572708864
29,bb19deb6-5acc-3ec2-badb-359ea858958e,-20.5486285,22.7488737,0,0.19584332533972823,0.0,0.00402709560278405
30,2778b4a9-a346-3cba-af24-d8c911d6c997,-20.6835432,27.6909756,0,0.09592326139088729,0.0,0.008077469214832747
31,b3ecb7f9-ae7c-34b0-97da-3945a921b666,-24.6669355,25.9388931,0,0.5947242206235012,0.4,0.4891408086780418
34,187dea42-e853-3fdc-aad7-3430345ec620,-18.7096469,21.4382753,0,0.1366906474820144,0.0,0.002164854861612235
35,7a03e9bf-7f77-3594-9541-6ebe3e213d69,-20.221422,27.2593993,0,0.17985611510791366,0.0,0.011732116669382434
37,8f41a764-fb0a-3b98-bd6a-f4d572574d55,-25.369884,25.6309867,0,0.26059152677857716,0.0,0.03249610093344817
38,932e8782-99bc-3e5c-9dcf-77adb4bee87d,-23.9776625,23.8871255,0,0.2573940847322142,0.0,0.0010242324076444982
40,3492da51-e5ef-3d01-a183-e94e0e786042,-20.5610513,27.3925746,0,0.08792965627498002,0.0,0.0060755604180730465
42,d3c68f70-8ad0-3d14-85cb-bcfe3d1283f7,-25.3874522,25.4991433,0,0.13269384492406075,0.0,0.016853278707604925
43,8541a306-b0ec-3c5c-a4f1-0282e252d179,-21.8166259,28.7658234,0,0.29096722621902477,0.0,0.0023278009264647687
46,862263d5-9a8b-3586-8c4c-6bcd4345b6ad,-22.7277115,27.4239327,0,0.21262989608313348,0.04,0.012802905095556228
48,d1ec8070-9235-3b59-904f-b907342c0a83,-20.863318,27.2267603,0,0.13509192645883294,0.08,0.06229195279219721
49,e74637ca-99a7-3ecb-81b4-edf60c6d1ec2,-19.3876839,22.1608243,0,0.7370103916866507,0.12,0.016573942596429154
51,436860a4-1760-3d69-afa9-3f566dc45e0b,-24.4181616,26.1391837,0,0.5083932853717026,0.28,0.16599548406620265
52,f486434a-2913-3cf7-ace1-93430ad434c8,-20.5710053,27.7073987,0,0.2158273381294964,0.04,0.019390581717451522
53,bf5f6c9c-0de0-3330-b22a-ab6f49b7b2a6,-20.9540029,27.6802344,0,0.24700239808153476,0.0,0.007914523149980214
54,43f0c60a-2b99-33e5-a141-97ab65cd1166,-18.1512069,24.5012343,0,0.19024780175859313,0.04,0.013501245373495658
55,67485d34-01eb-3d4c-a04d-8eba18ecd5be,-20.6333525,27.29161,0,0.11590727418065548,0.0,0.015037593984962405
56,9f41bd2c-edb1-3b8f-9c43-62465972914d,-22.8666261,26.4824904,0,0.354916067146283,0.0,0.001932074768965758
62,f8965ccf-6d8d-3ce1-9e5b-90383c6370d4,-18.0751924,24.5852467,0,0.08713029576338929,0.0,0.01035871412276822
64,40c9aae4-032f-3389-accb-f07903681faa,-24.400511,25.5211707,0,0.4644284572342126,0.32,0.17165204031751205
65,f7a1dd72-0f91-3a5c-8f20-f59f78d0d6da,-24.418565,26.1382433,0,0.5475619504396483,0.28,0.1628529528154752
66,3635f6f9-7bd5-3b58-b49c-7b893dde793f,-22.384409,27.5622963,0,0.18625099920063948,0.04,0.030633860192276357
67,0a11a8b8-0a4e-32d2-a576-cba7d3d4902c,-23.0396266,26.4695155,0,0.4284572342126299,0.08,0.05204962871575223
70,60742348-bc92-35d0-80bb-94d80196edfc,-23.884328,24.7481761,0,0.5003996802557954,0.0,0.0003957261574990107
72,5fda22ed-df7e-3c14-b766-fdf3b0c25355,-20.473418,24.5118263,0,0.21342925659472423,0.0,0.010544938196885402
76,6ad199b0-7dce-3177-aff8-ca3a8bf02a50,-24.4007786,26.1565014,0,0.5443645083932853,0.44,0.22679764426546242
77,a684c702-f434-3ea5-b4cc-f4bd27b0da94,-22.6646603,27.2231608,0,0.548361310951239,0.04,0.04015456598151726
79,d6256f86-6e62-3f9c-8f18-425152e4d8bf,-22.2067755,29.0366107,0,0.03836930455635491,0.0,0.0
81,85ddc940-9d85-3c19-b133-f93b70dab59d,-23.3599082,25.8355104,0,0.11430855315747403,0.0,0.06210572871808003
82,a83e6b83-00af-33ff-9ef3-f4f0b91f532a,-25.75732,25.2028639,0,0.08473221422861711,0.08,0.011801950697176378
84,52ad21b7-a047-3f71-977a-628ba9f5a81f,-24.6641556,25.9183712,0,0.8609112709832134,0.72,0.5197513908610536
85,a7593a10-df4a-3154-9f2e-fe64fdc88bc2,-22.5195308,27.5368708,0,0.37569944044764186,0.0,0.008938755557624712
86,0e5eae3a-584a-3764-923c-94fedc308510,-23.8404895,26.4510287,0,0.08713029576338929,0.0,0.00775157708512768
87,6d891f9d-c1fd-3171-9c95-4220c763f300,-24.1022323,25.0299278,0,0.7050359712230215,0.08,0.014246141669964385
89,507a3877-17df-3fa5-b02b-8f998f0a66f5,-20.6680668,27.4123647,0,0.07913669064748201,0.0,0.006797178705277125
90,90d37b40-15fc-31db-94b6-816d2a14e6e8,-19.982701,23.4276448,0,0.6770583533173461,0.52,0.154542703507996
94,69004a0e-247c-34a6-b019-2c6d2fe860b0,-22.856463,27.2959413,0,0.11270983213429256,0.0,0.0051444400474871385
96,3d14e12f-ef9f-3404-85ab-331db2937835,-17.9865549,24.6460543,0,0.11750599520383694,0.0,0.009939709956004562
97,018daf63-fd5e-373f-881c-a9c3f2d83d82,-25.7679479,24.5620606,0,0.28936850519584334,0.04,0.016061826392606903
99,07971d11-b5f2-3c95-8d80-04e91f2c2f6c,-20.299987,27.1336393,0,0.34852118305355717,0.12,0.05898647547661724
100,9a37c3dd-1273-38d1-8d08-96b3ef282cc2,-21.4495258,27.4724405,0,0.5611510791366906,0.28,0.09390348937358876
101,170ba0f1-a283-3435-aff5-ee4e9a538e67,-21.971823,28.4139273,0,0.2821742605915268,0.36,0.0624316208477851
102,f3995fb9-8220-38bd-be32-e5d3863720ca,-24.6651011,25.5436823,0,0.17665867306155075,0.2,0.06527153797807211
104,0c9f778f-f34c-3ced-8467-08ba6f8dbff9,-25.4431466,25.291599,0,0.1718625099920064,0.0,0.039200167601666704
106,957d81cb-88f2-365a-8763-2bb2abdb5871,-24.9761326,25.3341227,0,0.4244604316546763,0.6,0.3013803859493936
108,757d1fdc-fdcb-35f6-bbc9-824be254a14b,-20.3265983,23.8788747,0,0.11430855315747403,0.08,0.02495402593170232
109,c4c1ce40-913b-3498-9a4a-0ecd4ac7f192,-20.8999794,27.2745782,0,0.19744204636290968,0.04,0.014781535883051282
112,b8a62d7b-fc13-3ea5-888f-e9699f48f5e6,-20.676647,27.1230473,0,0.45083932853717024,0.0,0.012151120836146093
113,a84b2924-a332-30c8-aa99-40f28bee271e,-20.79722,27.3272513,0,0.07993605115907274,0.0,0.015875602318489723
114,2e6ee71f-cbd5-3d27-be82-237e3f4c11f4,-22.718381,27.4775123,0,0.05275779376498801,0.0,0.006867012733071068
116,3c830c62-048a-322b-af65-cbd1aba89680,-20.514598,27.0551423,0,0.4788169464428457,0.12,0.1147605856747131
117,2efd1e49-74bd-3447-8286-e63b93869902,-20.5365266,27.5887404,0,0.2446043165467626,0.04,0.013920249540259317
120,cfe25b93-d518-310d-8540-ade869eed198,-20.7984745,27.2655287,0,0.14228617106314947,0.04,0.010800996298796528
121,2e860531-53cd-35c9-9c11-cba8496be703,-20.62082,27.4441145,0,0.5723421262989609,0.08,0.0599408738564678
122,bd0a1473-22b1-3010-87de-373eb9060e43,-22.5843706,27.6445488,0,0.24700239808153476,0.08,0.06454991969086804
125,d89fad37-2504-391c-82fe-1471b6888eaf,-23.1122761,27.5659823,0,0.16626698641087131,0.0,0.015852324309225074
126,00cd30e4-e2bd-32da-a7f1-a43238131a5a,-22.718298,27.3113233,0,0.19904076738609114,0.04,0.01238390092879257
127,c56a69b2-5d23-3d8f-af8e-2fac8c72249a,-21.297264,27.8830673,0,0.33093525179856115,0.04,0.020461370143625316
128,1018c4aa-c81e-3563-b600-75ec3a73eb35,-20.835264,26.6769063,0,0.30135891286970423,0.0,0.011801950697176378
129,ed532440-9ae9-3c50-ac3e-8f69ef924313,-22.5987112,27.6250751,0,0.3101518784972022,0.08,0.051653902558253216
131,7243c1e3-4071-3feb-9763-79535cf24d80,-25.3129467,25.2705668,0,0.5227817745803357,0.08,0.037268092832700946
132,bd38458f-8b44-3f1e-8b43-d109283f035b,-21.149615,25.6582973,0,0.3101518784972022,0.0,0.004539211806606299
134,fba367f5-f794-3b9e-8358-0b0a466d45e7,-23.2973941,27.2767933,0,0.3333333333333333,0.0,0.014339253707022975
135,29b6a295-6a64-3b03-88af-da3d2bf8e9a2,-23.0444023,26.5760132,0,0.1111111111111111,0.0,0.01890174352289392
138,37198387-824f-3699-bc19-0449d1225983,-22.681061,27.6123163,0,0.07194244604316546,0.04,0.01347796736423101
139,a261e277-c958-3f61-8ffa-3bd24c3eef44,-22.323602,27.8247963,0,0.407673860911271,0.04,0.010521660187620754
140,69a0d95a-e42c-3a07-bbac-150ae072a8a4,-22.375597,27.5912113,0,0.31974420463629094,0.04,0.022905561116413325
142,9c1dc7a5-2da5-3048-8f85-80bc262036d1,-23.139833,26.9629627,0,0.12629896083133493,0.0,0.009986265974533858
144,8c8a53bf-7c5a-3891-971a-54b2d414830c,-24.9830774,25.352363,0,0.34612310151878495,0.4,0.2511464419562839
146,988b9c2e-aa62-3978-876c-c7f4844192ca,-21.262027,24.9481573,0,0.9232613908872902,0.0,0.003957261574990107
147,7b2a9b91-dba3-34d8-9333-24038c945c3b,-22.063689,28.5958113,0,0.48201438848920863,0.04,0.029912241905072277
149,59e74e36-a949-3402-93f9-6d050f262700,-22.7523567,27.631166,0,0.33093525179856115,0.0,0.012965851160408761
152,6641d0c7-ba45-30aa-907c-cd6f53da1340,-20.5332737,27.6500964,0,0.3005595523581135,0.0,0.014921203938639167
153,6a19b472-38ae-3e00-bbf1-f06d7582b677,-24.7781213,25.4071981,0,0.4244604316546763,0.24,0.1724667706417747
155,b1501483-ca4c-37a9-ae57-edb9366b06cb,-20.622181,27.5162533,0,0.13908872901678657,0.0,0.008636141437184292
157,52674d7b-8f33-3fab-8ca3-100d8f9592b6,-21.210857,26.0199903,0,0.38689048760991207,0.04,0.018738797458041388
159,af1afcd4-97d8-31d9-813e-e5fb0d230a8c,-24.990015,25.3457387,0,0.39408473221422863,0.44,0.28869387090016063
160,2a53820c-e561-3585-8c8c-c0595143f39e,-20.559697,27.1163663,0,0.19424460431654678,0.0,0.019204357643334342
166,7306bab1-784a-3888-aff4-feed3783f8eb,-20.3005557,27.1331519,0,0.35411670663469225,0.12,0.05917269955073442
167,a2de9b55-a5ff-3e4a-ba2d-801d3c7e9721,-20.515492,27.5171233,0,0.2709832134292566,0.0,0.009683651854093438
168,594d49e1-a49c-3692-a25e-c8217539ac6b,-19.6618909,22.1914703,0,0.3301358912869704,0.0,0.002257966898670826
170,2fdba3d5-a026-3d27-9027-c8f30daa0ff7,-24.9603373,25.5875989,0,0.39408473221422863,0.04,0.053795479410600804
172,9276a8ef-4c40-3208-b25f-67743dbe18a1,-24.1879321,26.8619413,0,0.16706634692246203,0.0,0.009916431946739915
176,08ee50f6-3f23-3e37-82dc-6b6886991ffa,-24.438344,26.0755873,0,0.15347721822541965,0.04,0.11943946553690728
178,26a02e53-2dd5-3726-8f0a-9a5d4b8c9ee6,-22.2731276,26.7888145,0,0.3701039168665068,0.0,0.04115552037989711
179,0548d271-42e9-3fcd-8f82-c46831b59d9b,-23.4037058,26.6933067,0,0.26458832933653076,0.0,0.025233362042878092
181,0c4d222c-0984-31c5-8d62-fc15c642605f,-18.5346059,25.6590823,0,0.3437250199840128,0.0,0.005190996066016434
182,910eb553-c683-3f7a-8eeb-700419b2537f,-18.0393722,24.3126354,0,0.1806554756195044,0.0,0.003445145371167858
184,d286c0bd-1c2c-30d9-b738-484b8701ab34,-25.7388494,25.0944526,0,0.21103117505995203,0.04,0.01399008356805326
186,00029c04-894d-36cf-ba50-39b1ae4f80b9,-24.4283271,26.0099963,0,0.5571542765787371,0.04,0.10316813706091855
187,0c72e19b-7cea-327c-9f70-c689235e5c3f,-25.6344778,25.5409035,0,0.2222222222222222,0.0,0.06929863358085617
188,24b0177b-354c-36f0-bc3f-c59beb29328b,-24.4366526,26.0608487,0,0.30935251798561153,0.08,0.12504946576968737
190,d95d1976-8b26-3c66-9841-54df5a13c72a,-24.914794,25.4629826,0,0.40207833733013587,0.04,0.03775693102725855
191,b3490a77-0150-3360-b51b-992dbfb38590,-24.5459106,26.4730997,0,0.35891286970423664,0.0,0.037314648851230245
193,e8c66366-be2a-3d9e-b487-6a681cebc190,-24.3738499,26.080615,0,0.47961630695443647,0.04,0.1475127447100724
194,cf88ee1d-a9fc-3c4d-b3c6-92ddab9f945a,-22.722667,27.573336,0,0.31974420463629094,0.04,0.03019157801624805
195,65b7e724-4455-388e-9e89-a788c5b0312e,-21.4287119,27.453745,0,0.5467625899280576,0.36,0.14192602248655695
197,8c967543-7a2a-3ca6-8337-709f89995470,-18.0133549,24.4045543,0,0.11430855315747403,0.0,0.0037012034730789824
200,ea8a8524-1c7f-370e-b594-9426efe49183,-22.5373979,27.1397274,0,0.7170263788968825,0.2,0.1248166856770409
201,e5001d8c-e513-339c-82fd-66b377c7e001,-20.8215665,27.2146327,0,0.6219024780175859,0.04,0.06585348820968831
202,dba21803-4bec-38ff-9df8-b7a3d5f7db79,-20.7537325,27.3568257,0,0.08393285371702638,0.0,0.006867012733071068
207,bdf1f4ed-4af3-356f-9c24-39b2fb42af02,-20.480582,22.6993573,0,0.4244604316546763,0.04,0.021881328708768827
208,9c9f6975-e65b-3d88-b314-0c9112dd1c60,-20.5385444,27.3207755,0,0.12470023980815348,0.04,0.006983402779394307
209,59cc4deb-8f1b-314c-8318-ee76bf356d53,-22.887802,27.5096453,0,0.38369304556354916,0.08,0.030959752321981424
211,2e69ea33-5748-3496-99d6-0bc0a8d2f86a,-21.8784025,28.8283267,0,0.2302158273381295,0.0,0.014409087734816918
212,cd71a71f-b989-33b8-a7dc-d3cf4fc40408,-20.3228409,27.1287,0,0.518784972022382,0.08,0.042459088898717384
213,522ae2e1-fc0c-3e92-897a-2c062f87d244,-20.7663196,27.6874718,0,0.24060751398880895,0.0,0.008915477548360064
214,0ee165ba-47b1-3e1d-b934-ce622cc94155,-22.655632,27.6890443,0,0.2685851318944844,0.0,0.014478921762610862
215,1a448eab-e13d-3abf-afe0-f768c3a91860,-18.7342309,22.1771853,0,0.33573141486810554,0.04,0.016248050466724086
216,ec517b3e-95a5-3db8-9da4-2d9d14ed5e8b,-18.8159839,22.4136883,0,0.6235011990407674,0.04,0.004841825927046719
218,e402574c-bb23-306f-a7f3-fbbf0e7551b5,-21.919123,27.2983143,0,0.5235811350919265,0.04,0.06927535557159152
219,8ca2ce6c-13ea-3fc4-8e6c-d7a105ecf744,-18.3896039,21.8428403,0,0.7274180655475619,0.08,0.026839544682138783
220,110be636-54be-3c9c-86fd-a94d0c98cfa4,-19.7654865,23.6686257,0,0.2733812949640288,0.0,0.006285062501454876
222,979c2daf-dae8-3ebc-9f1c-a099a599cd1b,-24.6299501,26.4035223,0,0.10231814548361311,0.04,0.05035033403943295
223,30e79005-4983-3ec5-9b3f-f4f9a3461755,-22.407336,26.7030903,0,0.4492406075139888,0.56,0.15770851276798808
224,018ad9ef-0f73-35f4-8698-a3e61d954fe1,-20.8587562,27.6733385,0,0.2302158273381295,0.0,0.014572033799669452
225,70a3cbb4-f166-32dc-9625-df0209823f9c,-24.8483496,25.8274547,0,0.3980815347721823,0.12,0.20836146092786145
226,8320d8be-504c-3128-8015-cedb2c54bf5f,-24.8679091,25.8698094,0,0.43005595523581136,0.48,0.33913731697665217
227,c698337a-f281-38d5-8c90-1d26cf980fb8,-24.7144836,25.8696591,0,0.2733812949640288,0.04,0.14900253730300986
228,7a83a2fa-3aa1-30ad-b39e-db1f45ff3568,-25.6540956,25.4964797,0,0.04876099120703437,0.0,0.0241625736167043
229,aaa53dd1-dd54-3046-97cc-eb005ec925c5,-23.091447,26.8284685,0,0.4828137490007994,0.32,0.14027328382876697
230,77c62f2b-c2ac-3e17-a36b-cae71dd7dde8,-21.865593,27.7529493,0,0.18864908073541167,0.24,0.0754207500174585
231,4430b8ab-b30a-3c9b-adc8-2d37192293bc,-25.228311,25.6794772,0,0.354916067146283,0.36,0.8054889545846039
232,02a89141-0fc1-3bbd-a790-dc1b0e2d34d5,-22.4104125,27.3992067,0,0.23421262989608313,0.0,0.005307386112339673
233,f2f06ad8-893a-3fd0-a364-2c681167a03b,-23.1102071,26.8216503,0,0.6394884092725819,0.36,0.16930096138178263
238,b7850919-4e86-36dc-928f-a1a2fb0abd32,-21.8807249,27.7434045,0,0.5099920063948841,0.32,0.08009962987965269
239,4c133307-3ae7-3000-a46f-e0648f5c14e3,-21.984008,27.8596063,0,0.5627498001598721,0.36,0.6551362927442446
240,41ae8315-8af6-3537-9d08-c9fd2e951e7a,-25.5086184,25.6311012,0,0.07993605115907274,0.0,0.03428850764682605
241,41af7d95-5586-32bf-8d8d-ecb9479fec24,-21.9030315,28.0444877,0,0.5467625899280576,0.04,0.00896203356688936
242,a02b9d33-1d30-3936-9f6f-fb0b9d780c14,-21.4413843,27.4615253,0,0.4412470023980815,0.36,0.12635303428850764
243,587c1a9d-7b6e-3427-b7a9-07f2413bea03,-21.070384,24.5665673,0,0.17985611510791366,0.0,0.003002863195139552
245,1b7b74f0-ca83-3af3-ba05-a1e787d539ed,-20.8362123,27.6248949,0,0.2853717026378897,0.04,0.04932610163178845
246,2c10242d-3e82-3902-9495-c20a3ae0a50b,-19.9916851,23.411423,0,0.3261390887290168,0.52,0.16208477850974184
247,5b44bb11-4a52-31b4-8ad4-4f85056c5c61,-22.412914,28.3985043,0,0.5491606714628298,0.08,0.01550315417025536
250,72cac920-e988-395c-b315-531c348a42d9,-20.720003,27.5859613,0,0.3181454836131095,0.08,0.04555506413091552
251,366a60c2-1df3-3447-90c2-2bbc817035d7,-25.8177775,24.6855648,0,0.11430855315747403,0.0,0.006215228473660932
252,caf20cca-448c-349e-bca8-89f81da1bd2e,-22.114924,26.9225803,0,0.4044764188649081,0.0,0.005237552084545729
256,72758641-0744-3514-ae1e-abb0e20f9d3a,-20.5041906,27.4376463,0,0.2653876898481215,0.04,0.010195768057915687
257,96b44191-91c6-3c29-a2ab-4ffc5a275df2,-24.0174721,26.3146353,0,0.37250199840127896,0.04,0.009916431946739915
259,ce0ad81b-c97a-3523-a845-4be7be0d697b,-20.3824985,22.32905,0,0.07913669064748201,0.0,0.0012104564817616798
260,f9dc2105-9f04-3b54-8a8e-8220fedc3a08,-23.6022742,25.8222055,0,0.2821742605915268,0.0,0.07430340557275542
262,20b33e66-8460-3d89-8362-3b502e2cfb3e,-20.3249086,27.2279879,0,0.16706634692246203,0.0,0.008636141437184292
264,d21bb17e-2b69-3cf2-843e-68c035549a18,-24.0932485,24.5298707,0,0.3517186250999201,0.0,0.0017691287041132243
265,29a5329e-47ae-3721-82e5-c805debec157,-24.2363018,25.675134,0,0.11510791366906475,0.0,0.04746386089061663
266,8acad8a9-a47e-3d95-aab7-cdba81fe0421,-24.522617,25.0482713,0,0.44844124700239807,0.0,0.002164854861612235
267,a5caa525-5c39-37c4-b3e2-2793c6900e07,-23.7350516,24.5886564,0,0.40687450039968026,0.0,0.0010242324076444982
272,f8d27097-ffcf-3dae-a7ed-f2c926c05d96,-24.2925751,26.1677813,0,0.14948041566746603,0.04,0.022323610884797132
273,87ddfdad-758d-3f3e-8739-60478d023f98,-24.5787346,25.9392087,0,0.37569944044764186,0.0,0.29681789613352266
274,28f5aae0-67b1-3f02-a7e1-0b396f708a62,-24.8727297,25.8596532,0,0.02478017585931255,0.52,0.3553155334155823
275,03389fad-057d-3d23-af01-777c5267857e,-25.5374027,25.3098077,0,0.03597122302158273,0.0,0.017644731022602948
276,fac63289-7692-392f-8c95-d4396864a8ce,-24.8730972,25.860722,0,0.3733013589128697,0.52,0.35613026373984497
279,3264e1ab-402b-3fdd-806e-57cd8746a7e7,-23.6469171,26.8243643,0,0.2182254196642686,0.0,0.006401452547778114
280,abd3e069-f66e-3fe2-9dc1-241b0faffad6,-21.8671072,26.4411069,0,0.6107114308553158,0.04,0.01780767708745548
281,c15045ea-f432-3b5c-a47f-396ab04a9554,-21.2021565,24.8576697,0,0.3293365307753797,0.04,0.00623850648292558
282,9a8c047c-cd78-3204-927a-5189cd979b5f,-20.240138,24.2509353,0,0.13189448441247004,0.0,0.004283153704695174
283,7f9bc78b-586d-3b78-9295-f634192a8de1,-22.947214,27.3755513,0,0.2454036770583533,0.0,0.010381992132032869
284,83068368-93dd-3aa0-bafb-cd4e75a16eb3,-22.8026245,26.9996697,0,0.6163069544364509,0.04,0.02697921273772667
285,b046b891-a14f-34d0-8e32-80cafe34da37,-23.1338238,26.8318856,0,0.6706634692246203,0.24,0.14583672804301775
286,cab69f11-0714-3f89-88d9-43960039b9d5,-25.2191831,25.6786786,0,0.36930455635491605,0.44,0.8617286249679927
287,5552b506-6e3f-32e2-9582-d97f0ba183eb,-25.0911146,25.6275831,0,0.22541966426858512,0.0,0.019669917828627297
288,009c794e-7cfa-3de0-9a88-dcac422751bf,-23.1875476,27.4723433,0,0.42685851318944845,0.04,0.019437137735980818
289,9cbb51b3-47f3-346d-899b-86bf785f03df,-22.41309,26.7138043,0,0.39248601119104715,0.36,0.16231755860238833
290,c8247fad-3849-3dcb-8884-85781f6ce845,-24.5686508,25.8751598,0,0.40047961630695444,0.0,0.35831839661072185
291,14617fc1-e7e5-35f3-99ac-445dc8304aa3,-19.1131438,22.292448,0,0.2509992006394884,0.08,0.005423776158662911
292,55281bc4-92f2-3d78-8c4b-16675cae5960,-24.309268,25.9083523,0,0.1334932054356515,0.04,0.03757070695314137
293,346344c0-1bb1-364e-9d1d-195e266d3592,-25.4336431,25.5005611,0,0.08393285371702638,0.0,0.02337112130170628
295,825b8a3a-d46a-3c7a-b6ef-a93e36de66c3,-24.649585,25.3285597,0,0.36850519584332536,0.04,0.006610954631159943
296,e13a41ac-4500-3224-9a74-b7ccf0da438a,-24.9095358,25.627517,0,0.24380495603517185,0.04,0.01617821643893014
297,775ff405-792a-3e21-affa-4af173aeb0f6,-24.0666288,25.8641984,0,0.1486810551558753,0.0,0.020903652319653625
298,26ff6a9d-54b1-35d8-81e7-845e9e9b5a4a,-25.2923515,25.4770773,0,0.15027977617905675,0.0,0.01450219977187551
299,83fd2cfb-8603-3f2d-9a28-6efee3c4a596,-20.6440052,26.6072982,0,0.27258193445243806,0.0,0.01883190949509998
300,880e9ff2-23d2-3637-baa0-4278005fc6a2,-19.5313425,21.1778337,0,0.19344524380495604,0.0,0.007402406946157965
302,9a91be05-e9c7-3726-8d9e-d63e97c71177,-23.4309698,25.7446788,0,0.39248601119104715,0.04,0.13592029609627784
303,94b3e98b-1fd0-3ab4-b03d-50c237b0759f,-23.1080451,26.8052163,0,0.5059952038369304,0.32,0.13608324216113038
306,66ce330d-3115-3673-9e61-5b7502d4da0e,-23.5687735,23.0649647,0,0.0815347721822542,0.0,0.006145394445866989
307,c5b018cb-3ca0-3ce4-ae17-b495c4b32359,-21.9688875,27.8344577,0,0.40687450039968026,0.48,0.5669591936497591
308,cc0441af-e3f2-3524-ac8a-ca6b4b414be8,-19.9844554,23.4243805,0,0.5683453237410072,0.56,0.15973369957401243
309,ba7e1ce9-8fb3-3326-930c-7217faf15741,-20.62771,22.3269673,0,0.5155875299760192,0.0,0.0020484648152889963
311,5e64c240-d5ac-3b62-a70f-f6d8dc312e73,-23.86203,25.3633513,0,0.15907274180655476,0.0,0.021881328708768827
312,cb187d30-2444-3e21-88d5-ddffe68c1f23,-23.8516555,26.9251787,0,0.09592326139088729,0.0,0.009334481715123723
313,39bb7a13-f436-305c-86c6-0a65dd8322cc,-23.1158909,26.819864,0,0.5275779376498801,0.44,0.16920784934472405
315,e314b742-77a1-3249-b8f2-acd6b448026c,-24.6619416,25.88123,0,0.6147082334132694,0.72,0.4844153727973184
317,a3e20dc4-294d-32a1-b3c1-69e989eb5b97,-24.59501,26.2179713,0,0.06474820143884892,0.0,0.010451826159826812
318,2b0269fd-0ad2-39ca-b090-18b8d23ebebf,-24.1357811,25.5898263,0,0.23741007194244604,0.0,0.04809236714076212
321,550f99e5-dcc3-3308-ac2e-ea8009b68b90,-23.6647661,26.0748623,0,0.08073541167066348,0.0,0.008729253474242882
322,ac849db8-9004-3c86-8c17-83541fa2b05b,-23.7355831,26.1814783,0,0.03916866506794564,0.0,0.00493493796410531
325,de47742f-1d07-3af8-a9dc-c875a110c28f,-25.4726162,25.6059819,0,0.4412470023980815,0.04,0.19825880490700434
326,54fb2e81-a4e8-3d13-a6a2-3721a1035c3e,-24.1831991,25.2724923,0,0.36530775379696245,0.0,0.003445145371167858
327,d4a5c4fb-9d14-3613-b47d-e6292c57fefb,-25.4312911,24.9582853,0,0.2070343725019984,0.0,0.00784468912218627
328,ec74a792-46f6-3950-a1ca-9ab942d578f5,-25.8126426,24.7980038,0,0.1398880895283773,0.0,0.007611909029539793
329,043100f3-8256-3b24-befe-6084ab0c48e5,-24.3688844,26.1442225,0,0.3581135091926459,0.28,0.18883121115482204
331,e14f42af-fd97-3059-9a5c-4f2ca709fed3,-21.9863758,27.8371886,0,0.5947242206235012,0.56,0.7600037244814823
333,e665195f-851e-39f2-9229-2abeb8bbf648,-24.5787876,26.4635077,0,0.11990407673860912,0.0,0.02355734537582346
334,ac7495b3-ea9d-3b08-bec8-cd42aae38a72,-20.801208,27.5555293,0,0.33733013589128696,0.0,0.008612863427919644
336,6fdf8d97-dc75-3fb2-a96c-12327bb807e3,-24.6619797,25.9138353,0,0.8105515587529976,0.88,0.5241974906306013
338,665b4bbc-2758-3d61-93e3-548c174270e3,-23.5222281,27.0409303,0,0.17585931254996004,0.0,0.0012337344910263275
340,3945e6d2-27d0-3a37-8f95-ca2306fb1e51,-23.1233697,26.1855698,0,0.33972821742605913,0.0,0.009078423613212597
344,31fa8839-a4a3-3ab1-a1de-1164e2ec2e86,-22.8042279,27.1887536,0,0.13589128697042366,0.0,0.015270374077608883
345,89cd9916-e6b4-3026-814a-0c88dd0f32c1,-18.5795999,21.9918823,0,0.32214228617106316,0.0,0.006983402779394307
347,aaebef50-0772-3846-956f-a3e649b7ccf8,-24.9556816,25.1131637,0,0.32773780975219824,0.0,0.008100747224097395
348,06a30644-aba8-3eea-810c-19a56b0104c5,-23.1091127,27.134933,0,0.22062350119904076,0.04,0.008473195372331759
349,14650b72-a8ad-33dc-8c2e-6fb2c29da5f3,-24.8907139,25.8689511,0,0.27817745803357313,0.32,0.22416722921855722
350,515e676a-cff2-313c-af77-eb47e6a33592,-21.4058407,27.4530538,0,0.3677058353317346,0.16,0.13266137479922718
351,3a607514-61a4-3978-8d7b-67b40c152611,-20.362647,22.9551263,0,0.39408473221422863,0.0,0.012942573151144113
352,11237960-d310-3d89-aef0-4852e4a404a8,-19.8836699,21.0797133,0,0.08952837729816147,0.0,0.002141576852347587
353,5e1ab1c6-7a41-3e08-b35c-f974300dff92,-24.3814186,26.1701532,0,0.49720223820943243,0.16,0.17684303638352847
354,b813f1d6-951a-35fa-b166-56977b076b51,-21.956092,27.8681583,0,0.548361310951239,0.24,0.14241486068111456
355,2d5f556c-a1f0-3059-bae5-bfa00bdb2595,-24.3983191,25.4923323,0,0.5771382893685052,0.4,0.10037477594916083
356,69655c4c-7954-3954-bf66-f42264918f96,-24.6323564,25.913375,0,0.48201438848920863,0.76,0.49600782141111294
358,5db132b5-61ec-38e5-8609-cc0fbc7af208,-21.0767065,27.3457371,0,0.8177458033573142,0.08,0.07283689098908261
359,faaaeeaa-d517-3acd-a937-235492f75ffc,-24.6765057,25.9075758,0,0.7961630695443646,0.76,0.4709141274238227
360,a587eb1a-e760-39de-9564-c20a74f683ad,-24.41076,26.1486273,0,0.4380495603517186,0.36,0.20910635722433019
363,f390017f-c4a2-36c5-a7da-71a53da7cca8,-20.8954373,27.0700127,0,0.24940047961630696,0.08,0.030424358108894527
365,2dda0a07-7740-364d-bd78-d42149338c88,-24.8556582,25.6698912,0,0.11990407673860912,0.0,0.007192904862776135
366,7212f5ef-86c6-3b33-848f-8713169b5a1d,-25.5586295,25.2358945,0,0.11990407673860912,0.0,0.009381037733653019
368,b6fabc70-bd07-3b07-81bc-324a94905a48,-25.5521192,25.5470454,0,0.08713029576338929,0.0,0.024092739588910356
369,4bcc4b1d-9c47-3c5e-bae6-fff4eb292c47,-20.863377,27.2268683,0,0.33573141486810554,0.08,0.06212900672734468
370,987c6af7-c36b-3db0-a6f7-8bb2d86c4d69,-22.5282375,27.1263997,0,0.7042366107114308,0.2,0.1268185944738006
371,303bef32-b5d9-3bd4-8c4f-3cde657ff782,-24.9725946,25.3591227,0,0.21982414068745004,0.36,0.17318838892897878
373,beb0ba54-8bf4-3ba7-94b1-1a7fa23bd466,-23.4781331,25.6582653,0,0.35251798561151076,0.0,0.026350706487581182
376,338a3150-9138-3b74-823d-1e1b46e0ed0b,-24.6682467,25.9252505,0,0.7569944044764189,0.6,0.5001745850694849
378,39a72330-463f-381c-bd6f-8d462a39b538,-24.8631331,24.8267833,0,0.11670663469224621,0.0,0.0016527386577899858
379,8e8e1b39-0fcd-3fc9-be48-c13f33b50631,-24.544858,25.6159153,0,0.1606714628297362,0.0,0.0028631951395516656
381,7c1462d4-8b55-3012-ae8f-ba3d302c37c9,-20.631527,22.6035643,0,0.2454036770583533,0.0,0.0028631951395516656
385,1e475454-8fcb-3834-81e2-1e4f9397dfd2,-23.2643569,26.5870591,0,0.14388489208633093,0.0,0.0008845643520566122
387,54d64109-ddec-3a84-bd01-6e896632cbb0,-24.5612599,25.9059583,0,0.2749800159872102,0.0,0.1768895924020578
388,fee02ff9-ba45-3fca-a433-19e1fea83724,-24.9067636,25.6265963,0,0.19904076738609114,0.04,0.015759212272166485
389,2f0a03ea-bf35-3409-8091-23984f1c76a6,-21.8834591,27.7299194,0,0.35891286970423664,0.2,0.056216392374124166
390,7b180e7a-5df1-3ab6-be38-cd64e009fb58,-19.9416349,23.4982823,0,0.8481215027977618,0.0,0.0729765590446705
393,593345ca-4457-3661-be4f-bd664e59c2fe,-25.152573,25.5099213,0,0.11990407673860912,0.04,0.008077469214832747
394,0656dad5-0d8e-3732-9702-656b56105bab,-25.5420026,25.1362707,0,0.0671462829736211,0.0,0.0033985893526385625
395,2b3ec872-52ea-35eb-aa36-320d1e3ef93c,-20.588958,27.6500513,0,0.18705035971223022,0.04,0.01843618333760097
396,247e14a4-67de-3e99-aecb-e6114da809f3,-24.6794713,25.9018404,0,0.6107114308553158,0.68,0.45475918899415724
397,9acae37d-607a-3588-9aa2-f73cf6ec54ec,-20.319302,23.8858483,0,0.2981614708233413,0.08,0.025815312274494285
398,c75fbcf0-e400-377b-8bdf-ddba903141a1,-24.9900393,25.3468369,0,0.023181454836131096,0.44,0.2855513396494332
399,7d89538d-0007-37e0-84f7-da89053cb346,-24.1393216,26.0060783,0,0.12150279776179057,0.0,0.00714634884424684
400,0c0e75ca-8d83-3680-9c41-fc117c932df1,-25.7935092,24.9024743,0,0.03597122302158273,0.0,0.009055145603947951
402,a8efb6e0-be7d-347e-9be4-e0cf9f055a3c,-22.7937906,27.7554762,0,0.4788169464428457,0.12,0.02467468982052655
403,a8578a46-4e48-3d9d-949a-8fdf53db60ea,-24.8591578,25.8633131,0,0.3749000799360512,0.44,0.3337833748457832
405,42fbd74d-5c55-393f-9130-2748fa25bbef,-25.5476723,25.3729811,0,0.09192645883293366,0.0,0.03554552014711702
406,67c12362-9288-3cb2-b079-13070e512b91,-23.0354027,27.5334978,0,0.41886490807354115,0.12,0.08631485835331362
407,25795470-3f45-39a8-893a-a7d7e6f76179,-24.258612,25.5432993,0,0.10151878497202238,0.0,0.027514606950813567
410,0ec669be-0f7a-3add-bcb7-d84bbf06f3be,-24.4061216,26.0775767,0,0.23421262989608313,0.08,0.18790009078423614
412,6c38c508-8b92-3b17-8c63-36065c2a81c1,-25.6413379,25.1352782,0,0.1254996003197442,0.0,0.007681743057333737
413,a68d7327-04f6-3811-b68b-840ca56d3283,-25.1954091,25.1779783,0,0.2278177458033573,0.0,0.011545892595265252
414,b52d3945-e67a-379f-9f27-964c3e1ccde8,-19.9850805,23.4114334,0,0.6290967226219025,0.4,0.15393747526711515
417,ad551e07-889c-3b76-84ce-aa8e3c5f9436,-18.7219919,22.7401293,0,0.28936850519584334,0.0,0.0026304150469051886
418,5538d213-61af-3944-9044-cb3740c84479,-24.6310117,25.9260326,0,0.5715427657873701,0.64,0.5021997718755092
421,55fc7a97-9bb1-3117-a041-f76be3599901,-19.1139429,22.2905355,0,0.6730615507593924,0.08,0.005493610186456855
422,676ae93e-cd80-3162-86b5-fbea98b04ae5,-24.470647,25.7871493,0,0.416466826538769,0.0,0.05938220163411625
423,dc78f0da-761a-3298-bfb2-47922caf62f3,-18.8401309,22.5761663,0,0.18545163868904876,0.0,0.002886473148816313
424,33e1ad64-9f24-3f9f-81a5-5825f8c1f303,-19.863915,22.3880773,0,0.19584332533972823,0.0,0.0014432365744081565
425,e8c381e8-ae4e-362e-8701-ae61db519a96,-18.8656049,22.2819403,0,0.11910471622701839,0.0,0.0031658092599920855
426,21e6c213-1f54-3a87-9376-b73b5b4ac3d0,-18.277116,21.8350698,0,0.39408473221422863,0.0,0.016923112735398867
428,d70043d6-db8d-304e-bb9c-3afb703c012b,-17.9012749,25.2217253,0,0.2501998401278977,0.0,0.006750622686747829
430,4f79ba5c-cd7d-3736-bcb4-88693577df88,-22.4405484,26.7207562,0,0.5787370103916867,0.04,0.09388021136432412
431,6c99859d-29a7-3275-832b-852f12bac260,-21.090594,24.4782303,0,0.19104716227018384,0.0,0.0041434856491072885
432,f92b84c2-f232-30da-9047-25f0fa8c43ab,-22.4253698,26.7434198,0,0.5875299760191847,0.2,0.15016643776624222
434,0eabdc30-4696-3735-8066-7c48a2c0cc68,-24.6400305,25.9192951,0,0.42525979216626697,0.76,0.5096487348401965
436,8f979687-548f-37e0-85bc-e8e846abe331,-24.6665793,25.90868,0,0.4828137490007994,0.8,0.5187737144719383
438,17d4ce24-0084-3d96-980d-49da3e02fba7,-18.3172984,21.884597,0,0.45003996802557955,0.0,0.005400498149398264
440,fbed6e44-c034-3798-ad2d-43726a9fffd7,-25.1068466,24.8741698,0,0.24300559552358114,0.0,0.0011639004632323844
441,459364ea-254d-3b67-971a-9050f524790a,-24.6118724,25.9324523,0,0.4052757793764988,0.52,0.47175213575735003
442,3d9e98bc-61bd-3ea9-ae49-ed1329d0dfc8,-25.3899136,25.1353867,0,0.05755395683453238,0.0,0.006867012733071068
443,bc9536fc-0adf-3b87-94ea-977b2a68739c,-21.170503,24.6023383,0,0.45083932853717024,0.04,0.0035848134267557437
444,0def5f94-3e47-3472-b6cc-e2d0e5177749,-20.588971,27.6498363,0,0.09432454036770584,0.04,0.018459461346865616
445,a7476f96-22e7-34a7-9032-c1b356da60d3,-20.200612,23.2240313,0,0.07114308553157474,0.0,0.002979585185874904
446,b4e92d32-799f-3f40-9862-a78f718ccf15,-24.6082153,25.9421459,0,0.5675459632294164,0.4,0.42109918759747667
447,0de268e7-3ebc-3829-aa65-af07ea1e05d5,-25.3237654,24.4792262,0,0.49000799360511593,0.0,0.006401452547778114
448,e11fbdf1-61f3-3a72-b98a-dfbd96c7be70,-22.020755,26.7905703,0,0.18944844124700239,0.0,0.006797178705277125
449,7550f09a-841c-3ef0-b299-f2ac3547eadb,-22.6126296,27.3315306,0,0.24300559552358114,0.0,0.007286016899834726
450,b1c2e07c-46ff-3a90-9644-7d8c9240c170,-23.98127,25.2430113,0,0.2805755395683453,0.0,0.06836751321027026
451,55d61803-9a3c-3625-8555-3c4160da06fe,-20.1133617,26.2464682,0,0.2685851318944844,0.0,0.008845643520566122
452,170900b9-809b-3c48-9378-7c1ad22e7254,-20.582424,27.6081623,0,0.10231814548361311,0.0,0.010056100002327801
453,a5b3db4d-cb7b-3162-a1b6-0f551a42bb31,-20.85382,27.2497613,0,0.13269384492406075,0.08,0.03219348681300775
454,5544fc2a-d829-3abd-b9d2-05ddfb23e400,-22.7679,26.7898713,0,0.06554756195043965,0.0,0.005493610186456855
455,8b5e400e-6298-3990-9263-38c282015a12,-21.230077,26.4255723,0,0.5419664268585132,0.0,0.010800996298796528
456,5102d050-9987-3c46-a27b-b0e341dd706c,-24.3233556,25.2280707,0,0.12709832134292565,0.0,0.002444190972788007
458,6b697101-b7b4-3d07-9bcf-e7782743bbad,-21.368892,27.4507423,0,0.18465227817745802,0.0,0.056635396540887825
459,5bdf27c8-accd-3266-9509-991a7134e440,-23.5993055,26.26801,0,0.19184652278177458,0.0,0.005912614353220513
460,04c37dd2-13f2-3a3b-8a7b-a15033d05a49,-20.3114022,22.4472077,0,0.12310151878497202,0.0,0.0016760166670546335
461,bcd47d12-5ce7-3877-bcef-ef79c05c3596,-20.937811,27.0807883,0,0.19344524380495604,0.0,0.013431411345701716
462,849db5dd-88b4-3c0e-add9-bece405b6dfe,-19.862381,26.4876294,0,0.2038369304556355,0.0,0.005470332177192207
464,fbbaa3bb-71bb-37ad-8980-40a22a7336ab,-24.8890151,25.0057173,0,0.07434052757793765,0.04,0.0017691287041132243
466,0c9fcc0e-e10b-36e5-aa79-e0b47e0f245f,-24.6213431,25.9248959,0,0.43005595523581136,0.68,0.4944249167811169
467,ad7348ae-c2d0-3a2e-a902-c54a0b32facd,-20.5004646,26.9958109,0,0.36051159072741806,0.04,0.05847435927279499
468,5cc17e9f-a48e-31cd-9a8a-9037a3a075a5,-24.6663186,25.8874404,0,0.7314148681055156,0.92,0.5038525105332992
471,babb07df-770a-31d9-bae1-4ad8e35d6249,-24.6190663,25.9322306,0,0.5267785771382894,0.64,0.4883726343723085
472,dcb59f24-113e-3fb8-ae61-9aa2aee213eb,-20.0426916,25.4831202,0,0.16786570743405277,0.0,0.004911659954840662
474,abdee5f7-8557-3bf0-a0d0-2443d3b96ff7,-21.17045,24.6027133,0,0.34612310151878495,0.04,0.0036080914360203916
475,289821df-18d5-3497-8b73-8718edd0e3ec,-24.7686331,25.4032231,0,0.697841726618705,0.16,0.13706091855024558
477,44537046-1c87-3888-a61c-67455f50e17a,-22.651659,27.6373853,0,0.1374900079936051,0.0,0.012546846993645104
481,a893b639-9ce8-3080-8af8-421aa2010c8b,-22.724051,27.3911313,0,0.10311750599520383,0.04,0.010521660187620754
484,803f2cfb-062c-325a-8703-6f4836940019,-21.3065362,26.8778779,0,0.5155875299760192,0.0,0.004655601852929537
485,4b2d3360-6746-3156-84af-4bb4cbf9464c,-25.5672426,25.4352537,0,0.03916866506794564,0.0,0.02960962778463186
486,49b5c3b4-7fa3-3e9d-bb0a-53723b9e9eb2,-22.78297,26.8956113,0,0.1278976818545164,0.0,0.0065876766218952955
488,10c05c2f-7b64-37b8-9d97-78a50211bb48,-25.384433,25.3651313,0,0.08713029576338929,0.0,0.011499336576735958
489,16cfb790-aad6-3af3-ac41-7b9907802b14,-24.4129931,25.5058603,0,0.4316546762589928,0.36,0.08857282525198445
492,4a8e58f0-40d1-3133-8214-c40d0e13e925,-21.786547,27.2783023,0,0.3029576338928857,0.04,0.005004771991899253
495,e66b19f1-27f7-3a84-afda-3e7f1c02c022,-25.4114221,25.5349243,0,0.1254996003197442,0.0,0.020112200004655603
496,c62e2cd2-13cf-3e83-9629-50b19a2edac4,-24.478205,25.6631703,0,0.29576338928856916,0.0,0.02688610070066808
497,a54cff2c-bd4f-32a7-b3ab-ac367666fd20,-22.507602,28.2362563,0,0.38369304556354916,0.0,0.002467468982052655
500,a1b287a9-d737-3c07-a3c1-3d1f9e0008ea,-24.0613728,23.2991669,0,0.2302158273381295,0.0,0.004492655788077004
501,fbe05e98-1f2c-32c8-bcac-dff5cc9b4c82,-18.351868,21.9578273,0,0.24700239808153476,0.04,0.010172490048651039
502,77a0b9c6-19f4-3152-8090-0899d3bebcea,-19.4284779,23.8712703,0,0.08473221422861711,0.0,0.003631369445285039
503,dfa479dd-5a97-3d81-abc0-6febbea1c67f,-19.3577278,22.2814107,0,0.10071942446043165,0.0,0.002164854861612235
504,91fe9be7-78fb-31b4-988e-2bbca52cd08e,-24.6443416,25.8282833,0,0.05915267785771383,0.2,0.25712889033729835
506,40643174-4892-3057-b0da-0c33c08eed03,-21.437092,27.4444023,0,0.4756195043964828,0.32,0.12714448660350566
507,ddcdb0c4-07e8-3f88-84af-eb15f5b0cb1d,-24.6531541,25.8813725,0,0.6219024780175859,0.88,0.4865336716404013
508,f6197c51-e985-386e-9047-aa1ad15f2b52,-24.4015276,25.4731017,0,0.6810551558752997,0.44,0.08082124816685678
509,28fc251b-6b19-38fc-98bd-35c8708ba852,-24.2547693,25.8352946,0,0.5811350919264588,0.04,0.27230615237784866
512,8af5a8a3-e8bb-36d8-a75d-a043e961b030,-23.0869614,26.801523,0,0.5755395683453237,0.12,0.08750203682581066
513,f3fb6629-1079-31bf-95a1-f1be7f7d63df,-24.8892636,25.0051609,0,0.37090327737809753,0.04,0.0017458506948485766
514,be5b63b3-48ef-324f-b7fe-78a72ec6914e,-20.0145159,23.3943613,0,0.7210231814548361,0.16,0.10037477594916083
515,4dcaf765-d5fa-3d85-a802-0a075eb0d930,-21.4626489,27.5343837,0,0.2941646682653877,0.0,0.01098722037291371
516,79b3a661-7064-3b67-a7fa-c2812edfac4c,-22.5418645,27.0995526,0,0.8569144684252598,0.2,0.17267627272515654
517,afa707cc-6a34-3979-a511-4f61e1f599b1,-20.570354,27.4576723,0,0.20223820943245405,0.0,0.010731162271002584
518,d7992eb1-8bee-35d2-9998-9197062a0557,-22.4025016,26.6880923,0,0.5179856115107914,0.4,0.12279149887101655
519,4494fac6-949e-384b-8a8f-9fde22b9309b,-19.9605759,23.4507794,0,1.0,0.08,0.09222747270653414
521,512b678e-99cc-35ba-b4fb-d7383d23dd8c,-21.968887,28.4284113,0,0.4612310151878497,0.32,0.05577411019809586
522,7df8a6ed-ce5c-3e93-bae5-2768554262f7,-24.6905983,25.0370426,0,0.2478017585931255,0.0,0.0032589212970506763
523,d7b5f6fb-6c5a-3628-bfdb-d577740f14f7,-25.5936376,25.3119719,0,0.1286970423661071,0.0,0.016434274540841266
524,2108a491-67d6-3886-9945-95fdda4cf037,-21.037518,24.4109923,0,0.3173461231015188,0.16,0.01098722037291371
527,88fb07a3-0578-3bc3-988f-340c7c1ab913,-24.5053314,25.401319,0,0.6802557953637091,0.0,0.0021881328708768825
528,6714cb28-12cc-3c0f-a185-94f55146f259,-21.986962,27.8124503,0,0.4524380495603517,0.32,0.3028934565515957
532,d5f42c24-63d1-3cd7-8220-671424559f79,-24.0245151,25.4897661,0,0.31414868105515587,0.0,0.020973486347447567
533,82e87b21-d55f-321f-b9b0-5423483054f7,-22.357896,27.5357203,0,0.10151878497202238,0.0,0.012360622919527922
535,f72da1ff-d36f-30c7-b921-89d2573d11cd,-24.6570948,25.890795,0,0.6554756195043965,1.0,0.49884773854139997
536,abccb2fd-791e-37d8-bbf3-95a50c99000e,-25.1525946,25.5108227,0,0.030375699440447643,0.04,0.008147303242626691
538,7bfb2da3-b8d5-3814-8288-da453acf62b2,-24.8039204,25.403899,0,0.2038369304556355,0.12,0.10996531576619567
540,94b5ec49-630d-3806-9508-852a1c8230c1,-21.9468979,25.4449652,0,0.5683453237410072,0.0,0.0028399171302870177
543,674645b1-6fa3-35b6-89e0-6dd9a4e091e5,-22.267492,28.7513443,0,0.5259792166266987,0.0,0.014548755790404804
544,8ddc1c08-9231-332f-90c3-17b9343cc8a8,-24.9595721,25.3128923,0,0.21742605915267785,0.12,0.22183942829209247
546,06914bd3-8c0d-316a-a293-4f0a67152469,-20.1953256,24.5355064,0,0.11430855315747403,0.0,0.0032589212970506763
547,0a3555bb-8e5a-30fd-bc99-27914e5d7376,-21.202289,27.5260923,0,0.6203037569944044,0.36,0.6282501920435765
548,ac421601-2b1c-35df-863c-a57b9e02887e,-21.43374,25.5794583,0,0.8289368505195843,0.12,0.08440606159361251
549,a74ec582-f004-3b11-8362-1bc80e2eef41,-23.5405203,26.0174918,0,0.26298960831334933,0.0,0.006424730557042762
550,a4bafd57-f18e-354f-aa5a-81570ca5690c,-21.2044587,27.5163155,0,0.4580335731414868,0.32,0.5455899811448125
551,0ed202c9-a5bb-30ac-a517-4c0f7dbf5af9,-22.405887,26.7251773,0,0.2821742605915268,0.44,0.1547522055913778
552,c5251a34-af2d-3fb8-ae96-4e07a0e25f90,-21.013459,27.3373803,0,0.3365307753796962,0.08,0.07469913173025443
553,7fcd6984-0985-39f0-bd94-fd420bda918a,-21.1877748,27.5167672,0,0.7050359712230215,0.6,0.8790009078423613
555,0b67e5d2-a2b3-347e-a7c6-ac31b41670a5,-25.5065001,25.5776343,0,0.15667466027178256,0.0,0.04548523010312158
556,94eb3499-0db2-3852-a567-30f6452bd33b,-25.0378071,25.7413172,0,0.5195843325339728,0.16,0.4217975278754161
557,597ee261-14e6-3eed-abbd-a562e12ee816,-20.5872885,26.4785092,0,0.49480415667466027,0.04,0.013198631253055239
558,b225b25e-ee6b-3927-a73b-e595e73bc369,-24.9149781,24.2291203,0,0.21742605915267785,0.0,0.000977676389115203
559,62d32977-a0f2-376a-9b8a-a7de0c65e366,-20.154887,25.7942273,0,0.2997601918465228,0.0,0.008147303242626691
560,87343ead-be8e-3ab8-9fc9-4d13a42f481c,-20.7504407,26.8934989,0,0.13509192645883294,0.0,0.006285062501454876
561,a4ad5dde-a388-3161-af3c-f13993887d56,-21.201181,24.8768733,0,0.30455635491606714,0.08,0.007286016899834726
562,8ba97f76-8c93-3824-b7ac-60767d20d28a,-19.9922819,23.4052107,0,0.5755395683453237,0.52,0.1485835331362462
563,05e3b73f-268d-3421-8c55-e4b0190657ad,-22.1750266,28.8747326,0,0.3796962430055955,0.0,0.007309294909099374
564,ce927977-1e24-3bf2-8b98-bb81fcbd68e7,-21.450985,27.4510603,0,0.2573940847322142,0.36,0.10798668497870062
568,507209c3-66ee-39a2-aab4-7e425fecb79a,-21.1845918,27.5266528,0,0.03437250199840128,0.6,0.9394306198933867
569,da918d43-79c4-3fea-9219-3354c84c6afe,-23.1326149,26.4132395,0,0.13509192645883294,0.0,0.008775809492772178
574,821fd19c-bdba-3437-aacc-ebdbce4e64bb,-22.214366,26.8326923,0,0.4052757793764988,0.04,0.012802905095556228
575,772934fe-af14-3ba8-9502-196cf3efda3f,-21.815399,25.9387113,0,0.5555555555555556,0.0,0.005656556251309388
576,78576a3b-642c-347a-a61f-f1182d325015,-24.513229,25.8623663,0,0.30455635491606714,0.0,0.12870411322423705
577,fc542fcd-f68b-3d17-ac92-22588c514b20,-23.10699,27.1515213,0,0.16386890487609912,0.04,0.008985311576154007
578,6b6c38bf-a308-3ad9-92db-7de8e021712b,-24.875122,25.3684258,0,0.09272581934452438,0.0,0.024232407644498244
581,62d216da-0635-3bc3-bebd-960ea2e747e2,-23.032004,27.5596043,0,0.19584332533972823,0.04,0.047603528946204524
583,a1c00619-f399-3a14-b8a9-12a577714a83,-22.404445,28.3874853,0,0.2981614708233413,0.08,0.01489792592937452
585,398b0b69-42ae-31ef-859a-dbcf5146fa38,-24.6432838,25.900076,0,0.6906474820143885,0.92,0.49384296654950066
587,4816037f-4293-36a4-bf6b-6f839f120984,-24.6459078,25.8897127,0,0.6874500399680256,0.8,0.49188761377127027
588,f61b5b05-677e-3a16-8291-02db1dd69c5f,-24.6152868,25.8457397,0,0.24860111910471622,0.24,0.40615470564957284
589,c45e3d83-4c27-3c2b-9e42-bf06116baa85,-21.7865415,27.2785617,0,0.2557953637090328,0.04,0.005004771991899253
590,0a1de9c7-22a8-3f93-b603-db60746c5008,-24.3093281,25.9082993,0,0.16386890487609912,0.04,0.03754742894387672
591,fb111718-ceca-351c-90bf-50386841d2d7,-23.6728,25.3063303,0,0.23661071143085532,0.0,0.0161083824111362
594,c17ce959-74a7-3e28-b8fa-26a7c8e6440a,-19.376552,22.1716683,0,0.6211031175059952,0.12,0.0191345236155404
595,66a24cae-ea72-3955-bc67-9b71b4c18f8a,-24.47736,25.2752913,0,0.23980815347721823,0.0,0.002583859028375893
596,2a67b526-1510-350f-ba85-5fb2ad723cf1,-24.3979725,25.5718259,0,0.5875299760191847,0.04,0.44335296445447986
597,8ff0ef23-0d75-3c41-be83-54f96ac8ba0c,-22.04925,27.2712823,0,0.12470023980815348,0.0,0.006378174538513466
598,5479aeaf-3997-33f6-8f81-1590ccdba8a5,-22.580558,26.3910373,0,0.21262989608313348,0.08,0.008310249307479225
600,1ae079ca-8ef8-312b-a52c-8a47d40c2ef1,-24.6665,25.8639009,0,0.7561950439648282,0.48,0.3855769454596243
601,b3e43f49-1d4c-3946-81a4-3d3db04aa2d5,-20.150329,23.6550338,0,0.15587529976019185,0.0,0.012011452780558207
602,e26e3d67-38e3-39e9-bfe0-0f4218fb3674,-24.6251365,25.9058048,0,0.6610711430855316,0.64,0.48343769640820317
605,a1b93fec-921d-33fe-884c-9f2b580bcc11,-23.0060917,27.746948,0,0.0903277378097522,0.0,0.016876556716869575
606,146e7073-d670-3e0b-8189-6af88ab93303,-24.406921,25.4631109,0,0.6514788169464428,0.32,0.059452035661910194
608,651a26ea-d871-3ec2-a0b6-43ad464b5653,-21.098425,27.2252993,0,0.33733013589128696,0.0,0.040596848157545565
609,d9549fe9-b385-3695-aaa8-a46bb091efcd,-20.1048889,27.1961753,0,0.39888089528377296,0.04,0.038362159268139386
610,40323480-9600-36f8-a381-c86d045da6ee,-25.0744397,25.44017,0,0.4260591526778577,0.08,0.0191345236155404
614,48f018fa-e82b-3903-b828-d22d42fedd5f,-21.9683245,27.8355177,0,0.3932853717026379,0.48,0.563001932074769
616,2f376e6a-c9bb-37eb-90cd-ac709d65ce3f,-23.6365031,24.9580453,0,0.2541966426858513,0.0,0.0018389627319071672
618,7d0ee1ec-f01d-32dc-bffb-ba1caaf98f10,-24.8781975,25.8506155,0,0.4636290967226219,0.52,0.28548150562163926
619,e44afde0-a292-3d23-a0a8-7ff9cf9bacf2,-24.3563596,26.1385847,0,0.28776978417266186,0.12,0.1277962708629158
621,6bc65b30-2864-3692-bea8-e0c2643cb731,-24.6778541,25.5642313,0,0.3212156389538051,0.2,0.04013128797225261
623,00421dcf-883d-3f5d-9a80-e3660cbbccf6,-25.6104999,24.5352736,0,0.25499600319744203,0.0,0.007518796992481203
624,611217a4-fd1b-380f-b934-5578b1a57cff,-20.4956895,27.3760197,0,0.07034372501998401,0.0,0.004492655788077004
625,19226de2-9bcc-3139-b761-73683d7615f0,-23.3814459,24.659291,0,0.2446043165467626,0.0,0.0016760166670546335
626,14663cf2-d2aa-3c28-a939-76e7ab81622a,-22.5665705,27.0856832,0,0.6874500399680256,0.12,0.1021671826625387
628,d9819915-3186-3dfb-b5f7-b3ccecc1b3a7,-21.785593,28.3385753,0,0.18705035971223022,0.0,0.003328755324844619
629,80a62c7e-031f-35dd-a1f3-6147a491a694,-21.818867,28.8253293,0,0.10951239008792965,0.0,0.011406224539677367
630,23ce5941-feef-35d3-88d5-dd21d1a17030,-20.9089548,27.6265908,0,0.14068745003996802,0.0,0.009264647687329779
632,9e811bb9-5cbe-3dee-8be7-096637bf4892,-20.903558,27.0775043,0,0.23501199040767387,0.08,0.03140203449800973
633,a0514eed-2cb4-3c2c-9161-c127572216cd,-21.452409,27.9457233,0,0.05515587529976019,0.0,0.004352987732489117
634,a4d4c46f-a02b-384f-a119-3f682b90602c,-20.4908685,27.3460497,0,0.14468425259792167,0.0,0.004539211806606299
635,35746b0c-32a5-32ea-91ff-9673b2cbaf95,-18.5255499,22.1505772,0,0.1838529176658673,0.0,0.004236597686165879
636,5d2aad05-b94a-357c-9c0d-321e9a3ebf31,-20.720187,27.5862343,0,0.09832134292565947,0.08,0.04550850811238623
637,8c78ebc6-6f81-348d-80be-dd9941ab2fa4,-20.5925245,27.5475147,0,0.058353317346123104,0.0,0.007728299075863032
639,0de146e7-f186-3d14-81de-2e38136695ad,-21.590858,27.9795423,0,0.17106314948041568,0.0,0.008799087502036826
640,fb715041-b3e9-3880-a347-64a427d57abe,-21.738262,28.1103136,0,0.3381294964028777,0.0,0.003933983565725459
641,fa94f88d-4ce3-31cc-b87c-50df0c3f319e,-20.603234,27.3954323,0,0.17905675459632295,0.0,0.008147303242626691
642,dc1cde2b-4305-375f-98c6-99fc70013755,-18.4041095,21.5678777,0,0.22941646682653877,0.0,0.0025140250005819503
646,ff3e4dd1-3569-35aa-b148-ea900237659d,-24.8900618,25.8582544,0,0.4052757793764988,0.36,0.22884610908075143
647,48b129d3-f71c-362d-b95e-7071c4d2ed5c,-24.6812066,25.9686877,0,0.5099920063948841,0.28,0.37859354268023
650,ec92ae68-905c-360a-b330-5407d5a690b1,-25.3132666,25.5338567,0,0.2797761790567546,0.0,0.025815312274494285
652,00b72657-f44b-33d7-85f2-a6ffb517bdf8,-23.1227576,26.7855926,0,0.19184652278177458,0.12,0.06035987802323145
654,470dc003-2191-3456-be73-a5160fe3cdc7,-22.850745,26.8961763,0,0.09672262190247802,0.0,0.006610954631159943
658,417f3da6-12b8-306f-86f2-af7f01eabaac,-21.0603965,27.2433657,0,0.41566746602717825,0.0,0.03649991852696757
659,73a956bd-4374-3e3a-886d-c1ac5766e71c,-20.1095999,26.3742203,0,0.16626698641087131,0.0,0.006354896529248819
661,0d5ae79c-a0c8-3155-acc1-38db3f2f54e3,-21.0904355,26.329368,0,0.19904076738609114,0.0,0.003910705556460812
662,999e56f7-0776-328d-8338-1225ddd70e45,-18.2953959,21.7895173,0,0.4580335731414868,0.0,0.031285644451686495
663,6fcb6ef8-af2d-3d0e-87e4-a81bed058193,-22.7181185,27.3125097,0,0.03836930455635491,0.04,0.012290788891733979
666,295bbddb-b304-3d90-a9b9-e80dfea9b559,-20.499248,27.0654567,0,0.19424460431654678,0.16,0.12937917549291184
668,65ea5388-ec1b-389b-8cbb-80472b55fc7d,-24.044096,24.8654562,0,0.08233413269384493,0.0,0.0006052282408808399
670,0a1b140d-c84f-326e-be65-ddc9732accf2,-22.949211,26.2384883,0,0.2733812949640288,0.0,0.0046090458344002425
672,5dfb385e-dfbf-34a8-8dbd-ac5ac7c431d8,-24.7357848,25.2494178,0,0.15267785771382894,0.0,0.008496473381596406
673,9bd89ab5-c89b-3f06-9fbe-9ce353f54166,-25.4017341,25.4350633,0,0.058353317346123104,0.0,0.013617635419818898
674,1b4b35a8-a9b3-3251-9854-78ac2121ab67,-18.6003155,22.9128787,0,0.19024780175859313,0.0,0.0019087967597011103
675,3f1d0f42-32aa-3402-8b06-8aa5dfd78e10,-21.979341,27.8235113,0,0.38609112709832133,0.48,0.539141972578505
676,1f6d4c76-76ad-39d1-99d2-f167372b0264,-18.3892319,21.8434003,0,0.6746602717825739,0.08,0.027049046765520612
678,4b7f91a5-e5c4-3b0e-861e-193d7e9ab8fd,-21.9689521,28.3963644,0,0.3029576338928857,0.2,0.04341348727856794
681,7211a7e2-350c-3873-8f73-e0061d590f2c,-22.849266,27.3419393,0,0.14468425259792167,0.0,0.007332572918364022
684,5056e800-8607-335e-a6f5-2c8f38a4e4f2,-19.99958,23.3877918,0,0.5371702637889688,0.2,0.08982983775227543
685,333346cd-cac3-3608-8bee-37fea5b685ec,-21.406083,25.5818883,0,0.9584332533972821,0.24,0.10042133196769013
686,e60e566c-dd08-3646-9477-62ad96c76587,-21.1955265,27.472611,0,0.6602717825739408,0.12,0.3429083544775251
688,0e448811-b201-32ed-99d4-997814e75e84,-19.0160607,22.3139545,0,0.6067146282973621,0.04,0.008403361344537815
690,67d19b0c-0ec3-3da8-a658-7666eda0d6f7,-19.8507795,23.5874667,0,0.10311750599520383,0.0,0.005656556251309388
691,3537f3ab-f08b-36bb-9735-3c3321ff8ece,-23.1314331,26.8032773,0,0.4244604316546763,0.2,0.10929025349752089
693,20584b71-1da6-3196-bd54-4f7017801ea1,-18.3521869,21.9578073,0,0.17585931254996004,0.04,0.010149212039386391
694,698ef57a-8d3c-38fa-9668-b22d6981c6dd,-21.392851,27.4332383,0,0.5875299760191847,0.08,0.11832212109220419
695,7a80ca7e-ba94-3ed6-b257-20006f23a57c,-19.3756919,22.1559583,0,0.22941646682653877,0.12,0.01841290532833632
696,e688dca1-7f00-3c03-8fe7-762b67ddb6c2,-22.428694,26.6934723,0,0.2541966426858513,0.16,0.09013245187271585
697,fa15c165-1233-3d3f-b722-dd0fae20eaf1,-19.1854135,23.9998747,0,0.07434052757793765,0.0,0.004003817593519402
699,70deb0aa-f685-3f44-8a34-63bf60d17680,-22.600001,26.3847163,0,0.4140687450039968,0.08,0.008124025233362043
702,22660f4a-8e91-3b69-bd99-c13533033868,-24.3884696,25.5985647,0,0.21662669864108713,0.0,0.25254312251216277
703,c2a20d1d-9b7a-3fb4-8e57-0e650b0dca45,-21.017539,24.4116943,0,0.1223021582733813,0.16,0.009078423613212597
707,adda2f5f-9945-3586-bae9-fed149b10fb6,-24.646823,25.8252881,0,0.08073541167066348,0.16,0.2385530389441095
708,6bfab9b5-73e7-32a2-a80d-aeda25b799dd,-21.186132,27.4540077,0,0.5459632294164668,0.08,0.20151772620405503
709,34c09eae-a193-357c-919e-517db64a3444,-21.1650602,27.5394577,0,0.5971223021582733,0.28,0.616983635559487
710,91dcafd5-b6b8-3da0-b4a4-28155607c3d0,-20.3795495,22.8429077,0,0.09512390087929656,0.0,0.0110803324099723
711,147270f1-442e-356a-99c4-2030d7479812,-20.2102547,26.1966044,0,0.14068745003996802,0.08,0.0740473474708443
712,ea67fc22-4689-301e-bb15-8faacebcfc1b,-20.9445235,27.2608217,0,0.27577937649880097,0.0,0.017598175004073652
713,2eeb7040-1ca3-3676-a4f5-5e21af2b4e07,-24.06029,23.3714313,0,0.12470023980815348,0.0,0.003631369445285039
714,bc1a0f9e-423e-3ed2-9357-6d07055a3181,-24.3566496,26.1579477,0,0.44844124700239807,0.2,0.14471938359831468
716,690006b1-bf3a-3ad7-a829-f760496e4fbf,-21.08133,27.1347113,0,0.2557953637090328,0.0,0.008892199539095416
718,911cb86b-ca3e-3cfa-9109-0957354c8d51,-25.5421891,25.4915253,0,0.0,0.04,0.0191345236155404
719,4b84b2c6-f441-32fb-b68f-37272e45347f,-21.483799,27.7795413,0,0.08952837729816147,0.0,0.004190041667636583
720,0d37c85e-ac14-3a83-92fb-d34e0ceac98e,-22.4388545,26.7707657,0,0.15827338129496402,0.08,0.0764915384436323
722,db27eb90-c78f-3f2b-bd66-4e7b131d050a,-25.186135,25.6932638,0,0.5699440447641887,0.2,0.5403291510510021
725,df37c0a4-eda6-3e30-9505-4c605a676253,-19.0163819,22.3136833,0,0.2653876898481215,0.04,0.008426639353802463
727,800032bb-ece4-3cbe-a4a5-b56de563a990,-24.7634896,25.7265207,0,0.18705035971223022,0.0,0.022626225005237553
728,dcd77e41-1185-3af8-86da-4337c369c4bb,-24.6924466,25.6034667,0,0.06634692246203037,0.0,0.009590539817034846
730,2f698c42-0a46-336a-b926-ae9803d538f0,-18.97333,21.3000413,0,0.3301358912869704,0.0,0.0025140250005819503
731,68ef8115-b019-337f-ae9b-44d106c3615f,-24.666548,25.9394211,0,0.5947242206235012,0.4,0.490188319094951
732,caf2eb14-9d63-35aa-aa8d-659d07def048,-21.679335,26.7534303,0,0.3828936850519584,0.0,0.003142531250727438
734,dc10b3f5-263f-3376-b685-85d513fc2fcd,-23.0950051,26.8148963,0,0.5211830535571543,0.36,0.1375032007262739
735,19a7c966-a070-3913-99f5-96268203589c,-24.9945039,25.3152243,0,0.3149480415667466,0.4,0.21206266440094043
977,79e1eb2e-6dc8-3031-85fa-964736f2f205,-24.6034837,24.7327764,0,0.3212156389538051,0.24,0.027142158802579204
978,a0987152-b2e6-3a63-8b7e-0f342f2405ca,-22.4340952,26.7569855,0,0.3212156389538051,0.2,0.1162736562769152
979,9d623da0-7cf1-3e4e-9d9d-89fc9398e572,-24.3976842,25.4612583,0,0.3212156389538051,0.28,0.05689145464279895
980,d488cf4b-d1b7-36cb-9868-9262527855e5,-24.6057989,25.916454,0,0.3212156389538051,0.32,0.4412346656113969
981,40dec72f-a1a3-3de6-bfb1-a33f76269e2b,-24.383026,25.4826784,0,0.3212156389538051,0.2,0.06711050070997929
982,73fbb2ec-fd00-3075-bd16-1ecf80611149,-18.4540537,22.0753956,0,0.3212156389538051,0.0,0.0028631951395516656
983,c9b0eec5-925d-3442-acd9-1d357750d61e,-24.6511562,25.8963795,0,0.3212156389538051,0.92,0.5015014315975698
984,ea5d40de-9599-3a25-b4d8-2dfc7be9c4bf,-21.338597,25.3605813,0,0.3212156389538051,0.12,0.11015153984031285
985,574d5945-c65c-32cd-a24d-11cc4e677281,-24.6223789,25.7889136,0,0.3212156389538051,0.0,0.014362531716287623
986,546e04c4-44d1-3ef1-91ae-a95b5aeacb66,-24.4139839,25.3647983,0,0.3212156389538051,0.04,0.001489792592937452
987,8b0f8c0d-2acc-3d16-a3db-b6f3e87eec71,-20.8998741,27.2804469,0,0.3212156389538051,0.04,0.013617635419818898
988,ef646d51-eede-3b08-a0b1-0352ae3337b6,-21.337855,25.3728223,0,0.3212156389538051,0.12,0.12435112549174794
989,74a919f9-009d-3d16-b6f2-0775f765c63b,-24.6116261,25.9491463,0,0.3212156389538051,0.36,0.38590283758932936
990,c83ea245-245b-3d88-aaec-3a66404af363,-24.6293522,25.9427633,0,0.3212156389538051,0.52,0.4398612630647827
991,a3e85615-830d-3ef8-ace7-ad4324149591,-21.1581269,27.5155432,0,0.3212156389538051,0.52,0.9453432342466073
992,458d59b4-9167-321f-a288-e6b170ed308f,-25.2351895,25.6635287,0,0.3212156389538051,0.2,0.5350450429479271
993,59fdd338-d80b-3355-8492-994969eea94d,-23.1040075,26.8577027,0,0.3212156389538051,0.16,0.10963942363649061
994,38522083-8fde-3a22-82e0-5373e07815a0,-19.9900088,23.4511975,0,0.3212156389538051,0.28,0.11913685141646686
995,20ee8a05-e003-3184-9572-1031b153b234,-20.563896,26.2256173,0,0.3212156389538051,0.12,0.018040457180101957
996,ddc96fd5-f160-3d5d-9052-cbaa1edcd4ab,-24.9881566,25.3511517,0,0.3212156389538051,0.44,0.266533206080216
997,b94a1a1d-28f6-3d87-84cb-f4f6acac5174,-24.6112123,25.9028801,0,0.3212156389538051,0.4,0.4398612630647827
998,9bf38f26-01bb-3a63-90bb-317f230bb6ee,-24.6580269,25.5819448,0,0.3212156389538051,0.08,0.013198631253055239
999,a450c43f-dac6-33e5-a83e-ec8c00a0705e,-24.6350449,25.9006302,0,0.3212156389538051,0.84,0.4825764100654112
1000,66969268-a1af-32ea-a801-3d93c963d246,-21.1653946,27.5100791,0,0.3212156389538051,0.52,0.9944132777764846
1001,e99973e7-20e0-3da5-b274-f0f64d366ae2,-22.5305707,27.0377717,0,0.3212156389538051,0.0,0.05158406853045928
1002,c1d7c0be-a1f8-3bb5-a766-8b3f18d37e26,-24.4067081,25.4560811,0,0.3212156389538051,0.24,0.04602062431620848
1003,80779a61-54b5-3776-afc9-f5336900d6fb,-24.9939021,25.3160023,0,0.3212156389538051,0.4,0.21930212528224585
1004,524ec3fc-4a77-3e42-b744-c766747c6868,-21.979772,27.8340716,0,0.3212156389538051,0.6,0.6873297795572523
1005,0bd98b11-6252-31b2-99cd-10e99ac0f3c7,-20.0359992,23.4519807,0,0.3212156389538051,0.12,0.06559743010777719
1006,a11473ba-bd85-3b32-bb01-19ebce3782ec,-24.6324732,25.8495073,0,0.3212156389538051,0.36,0.4196792290323332
1007,1fc40e43-359e-3b4c-bfa2-3fa4dabd5717,-25.2290646,25.7018777,0,0.3212156389538051,0.2,0.6808817709909448
1008,9d5689ed-9560-3053-9fd7-cd48b55acddc,-24.6717929,25.8793611,0,0.3212156389538051,0.68,0.47179869177587935
1009,3b21890c-abca-3cd3-a6d3-ae9bc7eebbd8,-23.0655322,26.5044988,0,0.3212156389538051,0.12,0.06101166228264159
1010,d73dfea2-088b-35c6-bd92-b889b9fb5340,-21.3322023,25.3613044,0,0.3212156389538051,0.12,0.126329756279243
1011,10a64e62-6e44-3de6-a44a-5a7d9fc38dae,-20.0328276,23.4370674,0,0.3212156389538051,0.16,0.0840103354361135
1012,cd428f20-91bf-392b-bf47-3db186875fed,-21.1908859,27.5420407,0,0.3212156389538051,0.4,0.7096533904420494
1013,8c24a952-02f3-3df5-b2f5-246522c1036a,-21.9717648,27.8474406,0,0.3212156389538051,0.6,0.6490374543169068
1014,6b11d884-aa69-30e3-8b55-4b62e00c19ea,-21.9824458,27.8322128,0,0.3212156389538051,0.56,0.6855839288624037
1015,11e33cd0-97c5-369a-8297-011cd8b49bfe,-24.6330737,25.8885235,0,0.3212156389538051,0.64,0.4808538373798273
1016,46707426-804a-3fd2-904a-1be9356206bf,-19.990095,23.4491905,0,0.3212156389538051,0.32,0.12546846993645103
1017,36305bdb-9b15-3b41-858e-9d81f537ff44,-24.569831,25.9739854,0,0.3212156389538051,0.0,0.3394166530878279
1018,5012da01-d6ea-318b-a22b-be2cbabaf359,-21.6871178,21.6468878,0,0.3212156389538051,0.2,0.030564026164482415
1019,aa8baf3c-98cb-3156-a60e-adbc06f89efc,-24.6639851,25.8704213,0,0.3212156389538051,0.6,0.4322493540352429
1020,f60c7d98-3279-33fe-add5-d771df89a786,-24.869046,25.8413605,0,0.3212156389538051,0.4,0.25908424311552875
1021,995aaacb-6ad5-3105-bfb3-0f9ce81d3b82,-24.6584403,25.8605236,0,0.3212156389538051,0.48,0.39661072185106727
1022,0daa97ca-f37b-36cd-8fd0-3279c705a246,-24.4128566,25.4874627,0,0.3212156389538051,0.44,0.0824972648339114
1023,4d252569-768b-311d-b341-b2baf3344a5a,-21.451327,27.4606673,0,0.3212156389538051,0.36,0.1066598384506157
1024,6b89d53b-1ab2-3be4-a775-b0fddbd9d531,-24.6702031,25.9776943,0,0.3212156389538051,0.28,0.4190507227821877
1025,aeca9bd3-b50d-387e-9ebd-cb6402261cd5,-22.4151414,26.7377658,0,0.3212156389538051,0.2,0.15701017249004864
1026,6c900d54-e936-3316-83dc-2ae5e65dd5ef,-24.634205,25.8785458,0,0.3212156389538051,0.68,0.49223678391024
1027,ae6d3406-2d55-3a6a-8816-9c99d96019a4,-24.6552303,25.9136298,0,0.3212156389538051,0.88,0.523685374426779
1028,ccb86826-9231-3b80-a91a-f0116439a7ba,-21.167805,27.5099128,0,0.3212156389538051,0.52,1.0
1029,fba2c190-3370-356a-86fb-88b7425669b3,-24.6788672,25.9615381,0,0.3212156389538051,0.36,0.41227682208617517
1030,bf0e13a5-1a37-3e17-bd21-2615da43e5cf,-24.6778056,25.8837474,0,0.3212156389538051,0.68,0.4650015130706022
